68.6,24,16,2,6,1,1,100,1,0,1,1,0,67,490,7.3,61.3,23,11,3,9,0,0,0,0,0,0,2,2,64,389,6.1,91.6,31,19,0,1,206,6.6,10.8,8,55,44.9,314,7,4,5,3,0,30,2,183,6.1,0,0,3,0,14,10,6,1,11,2,18.2,1653,27,33,3,24,3,1,100.06,35,24,1,1,363,10.4,15.1,11,96,43.7,262,6,5,3,1,46,28,2,127,4.5,0,0,10,17,0,3,8,0,12,4,33.3,1947,32,27,4,27,3,-1,11.7,5.2,1.9,56.5,26,16,2,8,2,1,50,2,1,2,0,0,85,420,4.9,65.8,16,11,1,4,0,0,0,0,0,0,1,0,64,380,5.9,98.68,38,25,0,1,301,7.9,12,4,45,37.8,151,4,7,2,0,46,26,0,79,3,0,0,6,9,0,8,4,2,14,4,28.6,1830,30,30,0,0,1,2,69.89,62,35,1,1,329,5.3,9.4,3,29,42.2,169,4,0,3,1,2,20,1,91,4.6,0,0,0,0,7,9,1,0,17,8,47.1,1770,29,30,3,16,2,-2,-10.7,1.1,-5.1,6,26,,234
64.9,22,14,4,4,0,0,0,2,2,2,1,1,65,403,6.2,58.3,15,9,1,5,1,0,0,1,0,1,1,1,60,290,4.8,75.93,36,21,1,1,238,6.6,11.3,6,47,39.3,236,6,4,2,1,3,24,1,52,2.2,0,0,0,3,14,0,2,2,15,6,40,1691,28,11,0,0,2,1,107.26,37,24,0,2,294,7.9,12.2,5,23,43.6,218,5,4,3,2,12,26,0,109,4.2,0,0,0,6,0,12,8,1,13,6,46.2,1909,31,49,2,10,2,-1,-22.1,-3.9,5.5,54.5,16,8,4,4,3,2,66.7,0,0,2,2,2,57,197,3.5,68.8,20,14,1,5,0,0,0,1,0,0,3,2,63,417,6.6,124.61,32,22,0,2,341,10.7,15.5,8,85,54.5,109,2,9,5,3,42,30,2,76,2.5,0,0,14,0,13,8,3,2,15,10,66.7,2164,36,4,1,5,4,2,50.57,33,18,2,1,144,4.4,8,4,25,40.2,201,5,1,2,2,30,22,1,53,2.4,0,0,0,7,0,7,4,0,13,3,23.1,1436,23,56,2,19,2,-2,9.8,-30.8,-11.4,25,14,,
72.1,28,21,1,6,0,0,0,1,1,1,2,2,69,568,8.2,69,30,17,4,9,0,0,0,1,1,2,4,4,70,472,6.7,90.67,42,29,1,1,333,7.9,11.5,3,27,50.5,101,2,3,6,4,0,28,3,139,5,0,0,6,14,0,14,1,1,13,8,61.5,1825,30,25,0,0,4,-1,128.54,43,31,0,3,445,10.3,14.4,10,96,52.3,157,3,0,3,3,1,25,1,123,4.9,0,3,0,10,14,10,1,2,11,6,54.5,1878,31,18,1,3,4,1,20.7,18.2,4.4,65.8,16,11,1,4,0,0,0,0,0,0,1,0,64,380,5.9,56.5,26,16,2,8,2,1,50,2,1,2,0,0,85,420,4.9,69.89,62,35,1,1,329,5.3,9.4,3,29,42.2,169,4,0,3,1,2,20,1,91,4.6,0,0,0,0,7,9,1,0,17,8,47.1,1770,29,30,3,16,2,-2,98.68,38,25,0,1,301,7.9,12,4,45,37.8,151,4,7,2,0,46,26,0,79,3,0,0,6,9,0,8,4,2,14,4,28.6,1830,30,30,0,0,1,2,-14.9,22.6,-4.4,10,24,,
62.2,26,14,4,8,1,1,100,3,1,4,2,1,63,382,6.1,69.6,19,11,2,6,0,0,0,0,0,0,2,2,54,316,5.9,123.82,23,16,0,2,192,8.3,12,11,80,45.8,183,4,4,3,2,96,30,1,124,4.1,0,0,21,7,0,0,4,4,12,7,58.3,1716,28,36,1,9,4,4,57.83,37,23,3,1,255,6.9,11.1,10,72,52.5,105,2,3,4,2,0,23,1,127,5.5,0,0,3,0,7,7,2,0,9,5,55.6,1884,31,24,3,26,2,-4,7.2,1,4.5,66.7,24,18,1,5,0,0,0,1,0,0,1,1,75,405,5.4,54.3,15,11,3,1,2,1,50,0,0,3,1,1,56,245,4.4,42.32,35,19,3,1,178,5.1,9.4,3,25,42.6,213,5,8,2,1,47,17,0,67,3.9,0,0,0,3,0,7,4,0,12,1,8.3,1336,22,16,4,24,1,-3,108.52,33,22,0,2,243,7.4,11,12,110,50.7,304,6,5,4,2,10,38,0,162,4.3,0,0,0,10,10,6,6,3,16,7,43.8,2264,37,44,4,23,2,3,-11,-1.9,-3.6,26,10,,
68.8,20,14,1,5,0,0,0,1,0,0,3,2,63,417,6.6,54.5,16,8,4,4,3,2,66.7,0,0,2,2,2,57,197,3.5,50.57,33,18,2,1,144,4.4,8,4,25,40.2,201,5,1,2,2,30,22,1,53,2.4,0,0,0,7,0,7,4,0,13,3,23.1,1436,23,56,2,19,2,-2,124.61,32,22,0,2,341,10.7,15.5,8,85,54.5,109,2,9,5,3,42,30,2,76,2.5,0,0,14,0,13,8,3,2,15,10,66.7,2164,36,4,1,5,4,2,-25.2,11.8,-13.2,70.6,19,14,0,5,1,1,100,1,0,0,1,1,68,334,4.9,62.9,17,10,2,5,0,0,0,3,1,3,1,1,55,264,4.8,68.99,35,22,2,2,162,4.6,7.4,3,15,44,220,5,4,2,2,56,17,0,102,6,0,0,0,0,0,14,6,0,12,6,50,1488,24,48,3,21,2,-3,107.6,34,24,0,2,221,6.5,9.2,6,55,47,282,6,7,3,1,43,33,0,113,3.4,0,0,0,10,0,10,4,3,15,6,40,2112,35,12,1,9,2,3,-26.8,3.1,-3.8,7,24,,
55.8,18,14,2,2,1,0,0,1,1,1,0,0,71,306,4.3,60,24,14,3,7,1,1,100,2,2,3,1,0,82,420,5.1,83.1,45,27,1,2,275,6.1,10.2,6,50,38.3,230,6,4,2,0,79,32,1,145,4.5,0,0,0,0,14,20,6,1,19,8,42.1,1846,30,46,5,47,4,-2,87.55,43,24,0,2,242,5.6,10.1,7,55,46.5,372,8,4,1,0,28,25,0,64,2.6,0,0,14,3,0,0,11,3,14,2,14.3,1754,29,14,3,24,2,2,4.7,-38.8,-9.6,78.4,20,11,2,7,1,0,0,3,2,2,2,1,63,372,5.9,63.6,16,8,3,5,0,0,0,2,1,1,0,0,56,316,5.6,108.33,22,14,0,1,201,9.1,14.4,6,45,51,306,6,14,2,0,33,33,0,115,3.5,0,0,0,14,0,3,5,2,14,7,50,1746,29,6,1,5,2,1,93.81,37,29,0,0,241,6.5,8.3,7,70,41,246,6,4,2,1,33,23,1,131,5.7,0,0,0,6,0,0,3,1,12,3,25,1854,30,54,3,26,1,-1,-37.8,11.6,-9.1,10,41,,
56.2,25,10,4,11,0,0,0,3,2,3,3,2,71,360,5.1,51.8,20,12,1,7,4,2,50,3,2,2,2,2,80,315,3.9,68.01,56,29,0,1,226,4,7.8,9,100,40.2,241,6,2,2,2,15,20,1,89,4.4,0,0,10,10,0,0,3,3,17,5,29.4,1773,29,33,4,23,2,1,78.78,32,18,1,2,169,5.3,9.4,4,26,50,100,2,6,6,3,22,38,1,191,5,0,0,7,3,13,10,3,2,13,7,53.8,1827,30,27,1,9,3,-1,-9.2,-2,-18.8,72.7,15,8,0,7,0,0,0,1,0,1,3,2,56,360,6.4,69.4,29,19,5,5,0,0,0,1,1,3,0,0,69,427,6.2,85.5,49,34,2,2,341,7,10,4,43,40,160,4,2,3,2,4,18,0,86,4.8,0,0,7,0,10,3,3,1,12,5,41.7,2082,34,42,2,8,2,-2,90.53,22,16,1,1,167,7.6,10.4,9,108,43,215,5,3,4,2,91,33,1,193,5.8,0,3,7,10,0,3,3,3,12,4,33.3,1832,30,32,1,6,2,2,-4.7,12.3,16.8,10,29,,
51.8,20,12,1,7,4,2,50,3,2,2,2,2,80,315,3.9,56.2,25,10,4,11,0,0,0,3,2,3,3,2,71,360,5.1,78.78,32,18,1,2,169,5.3,9.4,4,26,50,100,2,6,6,3,22,38,1,191,5,0,0,7,3,13,10,3,2,13,7,53.8,1827,30,27,1,9,3,-1,68.01,56,29,0,1,226,4,7.8,9,100,40.2,241,6,2,2,2,15,20,1,89,4.4,0,0,10,10,0,0,3,3,17,5,29.4,1773,29,33,4,23,2,1,-25.2,-6.5,2.9,68,18,10,2,6,0,0,0,1,0,0,1,1,56,346,6.2,66.7,15,10,1,4,0,0,0,4,0,2,0,0,63,318,5,62.96,36,24,2,0,246,6.8,10.2,13,121,46.5,279,6,4,1,0,10,22,0,72,3.3,0,0,0,0,3,3,5,0,14,4,28.6,1903,31,43,5,27,0,-2,112.08,25,17,0,2,160,6.4,9.4,7,60,47.4,237,5,8,2,2,68,30,1,186,6.2,0,0,3,10,7,14,7,2,11,3,27.3,1697,28,17,1,10,4,2,-15.8,-27.4,-2.7,30,7,,
69,30,17,4,9,0,0,0,1,1,2,4,4,70,472,6.7,72.1,28,21,1,6,0,0,0,1,1,1,2,2,69,568,8.2,128.54,43,31,0,3,445,10.3,14.4,10,96,52.3,157,3,0,3,3,1,25,1,123,4.9,0,3,0,10,14,10,1,2,11,6,54.5,1878,31,18,1,3,4,1,90.67,42,29,1,1,333,7.9,11.5,3,27,50.5,101,2,3,6,4,0,28,3,139,5,0,0,6,14,0,14,1,1,13,8,61.5,1825,30,25,0,0,4,-1,28.8,22.3,4.6,61.3,23,11,3,9,0,0,0,0,0,0,2,2,64,389,6.1,68.6,24,16,2,6,1,1,100,1,0,1,1,0,67,490,7.3,100.06,35,24,1,1,363,10.4,15.1,11,96,43.7,262,6,5,3,1,46,28,2,127,4.5,0,0,10,17,0,3,8,0,12,4,33.3,1947,32,27,4,27,3,-1,91.6,31,19,0,1,206,6.6,10.8,8,55,44.9,314,7,4,5,3,0,30,2,183,6.1,0,0,3,0,14,10,6,1,11,2,18.2,1653,27,33,3,24,3,1,23.9,22.2,3.3,24,26,,
67.9,25,8,4,13,1,1,100,2,1,1,3,2,66,398,6,69.7,19,13,2,4,1,0,0,1,0,1,3,2,57,255,4.5,79.73,33,23,1,1,175,5.3,7.6,8,65,38.2,153,4,1,3,2,0,21,1,80,3.8,0,0,7,3,0,6,1,1,12,6,50,1600,26,40,3,14,2,0,110.86,28,19,0,2,191,6.8,10.1,4,69,33,66,2,4,5,3,24,37,2,207,5.6,1,0,3,14,5,14,5,1,11,4,36.4,2000,33,20,1,0,4,0,7,38.4,-2.2,58.3,15,9,1,5,1,0,0,1,0,1,1,1,60,290,4.8,64.9,22,14,4,4,0,0,0,2,2,2,1,1,65,403,6.2,107.26,37,24,0,2,294,7.9,12.2,5,23,43.6,218,5,4,3,2,12,26,0,109,4.2,0,0,0,6,0,12,8,1,13,6,46.2,1909,31,49,2,10,2,-1,75.93,36,21,1,1,238,6.6,11.3,6,47,39.3,236,6,4,2,1,3,24,1,52,2.2,0,0,0,3,14,0,2,2,15,6,40,1691,28,11,0,0,2,1,15.9,-1.2,2.3,21,30,,
66.7,15,10,1,4,0,0,0,4,0,2,0,0,63,318,5,68,18,10,2,6,0,0,0,1,0,0,1,1,56,346,6.2,112.08,25,17,0,2,160,6.4,9.4,7,60,47.4,237,5,8,2,2,68,30,1,186,6.2,0,0,3,10,7,14,7,2,11,3,27.3,1697,28,17,1,10,4,2,62.96,36,24,2,0,246,6.8,10.2,13,121,46.5,279,6,4,1,0,10,22,0,72,3.3,0,0,0,0,3,3,5,0,14,4,28.6,1903,31,43,5,27,0,-2,14.8,-26.4,-0.9,62.9,17,10,2,5,0,0,0,3,1,3,1,1,55,264,4.8,70.6,19,14,0,5,1,1,100,1,0,0,1,1,68,334,4.9,107.6,34,24,0,2,221,6.5,9.2,6,55,47,282,6,7,3,1,43,33,0,113,3.4,0,0,0,10,0,10,4,3,15,6,40,2112,35,12,1,9,2,3,68.99,35,22,2,2,162,4.6,7.4,3,15,44,220,5,4,2,2,56,17,0,102,6,0,0,0,0,0,14,6,0,12,6,50,1488,24,48,3,21,2,-3,3.5,-16.1,-3.3,19,17,,
63.6,16,8,3,5,0,0,0,2,1,1,0,0,56,316,5.6,78.4,20,11,2,7,1,0,0,3,2,2,2,1,63,372,5.9,93.81,37,29,0,0,241,6.5,8.3,7,70,41,246,6,4,2,1,33,23,1,131,5.7,0,0,0,6,0,0,3,1,12,3,25,1854,30,54,3,26,1,-1,108.33,22,14,0,1,201,9.1,14.4,6,45,51,306,6,14,2,0,33,33,0,115,3.5,0,0,0,14,0,3,5,2,14,7,50,1746,29,6,1,5,2,1,-1.7,3.4,-5,62.5,11,7,2,2,0,0,0,1,0,0,0,0,49,158,3.2,79.3,20,9,1,10,0,0,0,2,1,2,1,0,65,402,6.2,91.09,29,23,1,1,190,6.6,8.3,11,105,44.2,221,5,3,4,1,15,34,1,212,6.2,0,0,3,7,3,6,4,0,12,5,41.7,2090,34,50,2,31,2,-2,92.32,32,20,0,2,133,4.2,6.6,4,20,44.6,401,9,1,1,1,9,15,0,25,1.7,0,0,7,0,0,7,6,2,12,3,25,1510,25,10,2,18,2,2,5.1,-20.3,-1.9,30,14,,
54.3,15,11,3,1,2,1,50,0,0,3,1,1,56,245,4.4,66.7,24,18,1,5,0,0,0,1,0,0,1,1,75,405,5.4,108.52,33,22,0,2,243,7.4,11,12,110,50.7,304,6,5,4,2,10,38,0,162,4.3,0,0,0,10,10,6,6,3,16,7,43.8,2264,37,44,4,23,2,3,42.32,35,19,3,1,178,5.1,9.4,3,25,42.6,213,5,8,2,1,47,17,0,67,3.9,0,0,0,3,0,7,4,0,12,1,8.3,1336,22,16,4,24,1,-3,29.9,-16.6,-2.9,61.1,24,13,3,8,0,0,0,2,0,0,4,3,69,361,5.2,66,24,20,2,2,4,2,50,1,0,2,4,2,70,408,5.8,81.8,53,35,2,2,354,6.7,10.1,9,45,49.8,199,4,3,4,2,24,14,1,54,3.9,0,0,0,7,3,14,2,0,13,4,30.8,1656,27,36,3,16,3,-2,110.76,36,22,0,3,259,7.2,11.8,7,70,46.8,234,5,6,4,3,24,32,1,102,3.2,0,0,3,21,0,7,5,2,14,7,50,1944,32,24,1,10,4,2,-9.2,41.3,-3.7,17,24,,
79.3,20,9,1,10,0,0,0,2,1,2,1,0,65,402,6.2,62.5,11,7,2,2,0,0,0,1,0,0,0,0,49,158,3.2,92.32,32,20,0,2,133,4.2,6.6,4,20,44.6,401,9,1,1,1,9,15,0,25,1.7,0,0,7,0,0,7,6,2,12,3,25,1510,25,10,2,18,2,2,91.09,29,23,1,1,190,6.6,8.3,11,105,44.2,221,5,3,4,1,15,34,1,212,6.2,0,0,3,7,3,6,4,0,12,5,41.7,2090,34,50,2,31,2,-2,-2,-4.9,0.3,69.7,19,13,2,4,1,0,0,1,0,1,3,2,57,255,4.5,67.9,25,8,4,13,1,1,100,2,1,1,3,2,66,398,6,110.86,28,19,0,2,191,6.8,10.1,4,69,33,66,2,4,5,3,24,37,2,207,5.6,1,0,3,14,5,14,5,1,11,4,36.4,2000,33,20,1,0,4,0,79.73,33,23,1,1,175,5.3,7.6,8,65,38.2,153,4,1,3,2,0,21,1,80,3.8,0,0,7,3,0,6,1,1,12,6,50,1600,26,40,3,14,2,0,9,10.7,8.5,24,31,,
69.4,29,19,5,5,0,0,0,1,1,3,0,0,69,427,6.2,72.7,15,8,0,7,0,0,0,1,0,1,3,2,56,360,6.4,90.53,22,16,1,1,167,7.6,10.4,9,108,43,215,5,3,4,2,91,33,1,193,5.8,0,3,7,10,0,3,3,3,12,4,33.3,1832,30,32,1,6,2,2,85.5,49,34,2,2,341,7,10,4,43,40,160,4,2,3,2,4,18,0,86,4.8,0,0,7,0,10,3,3,1,12,5,41.7,2082,34,42,2,8,2,-2,-8.7,10.8,-5.1,69.6,19,11,2,6,0,0,0,0,0,0,2,2,54,316,5.9,62.2,26,14,4,8,1,1,100,3,1,4,2,1,63,382,6.1,57.83,37,23,3,1,255,6.9,11.1,10,72,52.5,105,2,3,4,2,0,23,1,127,5.5,0,0,3,0,7,7,2,0,9,5,55.6,1884,31,24,3,26,2,-4,123.82,23,16,0,2,192,8.3,12,11,80,45.8,183,4,4,3,2,96,30,1,124,4.1,0,0,21,7,0,0,4,4,12,7,58.3,1716,28,36,1,9,4,4,0.6,3.5,0.8,28,20,,
60,24,14,3,7,1,1,100,2,2,3,1,0,82,420,5.1,55.8,18,14,2,2,1,0,0,1,1,1,0,0,71,306,4.3,87.55,43,24,0,2,242,5.6,10.1,7,55,46.5,372,8,4,1,0,28,25,0,64,2.6,0,0,14,3,0,0,11,3,14,2,14.3,1754,29,14,3,24,2,2,83.1,45,27,1,2,275,6.1,10.2,6,50,38.3,230,6,4,2,0,79,32,1,145,4.5,0,0,0,0,14,20,6,1,19,8,42.1,1846,30,46,5,47,4,-2,-18.6,1.8,-3.7,66,24,20,2,2,4,2,50,1,0,2,4,2,70,408,5.8,61.1,24,13,3,8,0,0,0,2,0,0,4,3,69,361,5.2,110.76,36,22,0,3,259,7.2,11.8,7,70,46.8,234,5,6,4,3,24,32,1,102,3.2,0,0,3,21,0,7,5,2,14,7,50,1944,32,24,1,10,4,2,81.8,53,35,2,2,354,6.7,10.1,9,45,49.8,199,4,3,4,2,24,14,1,54,3.9,0,0,0,7,3,14,2,0,13,4,30.8,1656,27,36,3,16,3,-2,19.8,-12.5,1.5,30,27,,
69.55,17.5,8.5,2.5,6.5,0,0,0,2,0.5,2,2,1.5,53.5,298,5.6,73.25,19.5,14,0,5.5,0.5,0.5,50,1.5,0.5,0.5,1,1,64,336.5,5.25,102.255,31.5,23,0,1,220.5,7.05,9.6,5.5,60,48,190,4,6,3,1,21,31,0.5,116,3.75,0,0,3.5,6.5,1.5,8,5,2,13,5.5,42.75,2018.5,33.5,8.5,1.5,12,1.5,1.5,74.725,28,19,1.5,1,168.5,6.45,9.15,3.5,22.5,35.5,137,3.5,4,3.5,2,29,23.5,1,129.5,5.6,0,0,3.5,0,3.5,8.5,5.5,0.5,10,5,50,1581.5,25.5,51.5,2,12.5,2,-1.5,12.8,-38.6,-13.9,63.3,23.5,16,1.5,6,1,0.5,25,0.5,0.5,2,1,1,67,438.5,6.5,67.85,25.5,13.5,2.5,9.5,0,0,0,0.5,0.5,1,3,3,69.5,472,6.75,107.14,33,22.5,0.5,1,317.5,10.25,15.2,5,41,46.65,136,3,6,4.5,3,32.5,36.5,2.5,154.5,4.4,0,0,4.5,10.5,7,7,1.5,2,13.5,7,52.2,1902,31,42,0,0,3.5,1,87.66,43.5,27.5,1.5,2,328.5,7.55,11.6,8.5,76,48.3,211.5,4.5,0.5,2,2,4,22,0.5,110,5,0,1.5,1.5,5,7,8.5,2.5,1,11.5,4.5,39.75,1749.5,29,9.5,1.5,11,2.5,-1,1.2,22.3,14.6,14,56,,
64.45,25.5,13.5,3.5,8.5,1.5,1,75,1,0.5,1,2.5,1,75,371.5,4.95,62.65,16.5,11,1,4.5,0,0,0,1,1,1.5,0.5,0,60.5,340.5,5.6,80.9,37.5,23.5,0.5,0.5,251.5,6.7,10.6,6.5,60,41.8,167,4,3.5,2,0,29.5,22,0,89,4.25,0,0,3,6,1.5,4,3.5,1,13,5,39.3,1661,27,41,1,7.5,0.5,-0.5,89.58,45.5,28,0.5,1.5,247.5,5.5,8.65,3.5,32,48.6,139.5,3,1.5,4.5,1.5,31,28,0.5,124,4.5,0,0,3.5,1.5,7,9,1.5,1.5,14.5,6.5,44.4,1939,32,19,1.5,8,2,0.5,-0.4,2.2,-0.2,59.9,23,12.5,2.5,8,1,1,50,0,0,0,2,2,68,356.5,5.3,68.05,25,16,1,8,0.5,0.5,50,1,0.5,1.5,2,1.5,68,443.5,6.55,93.935,37.5,25.5,1,1.5,293,8,11.7,8,67.5,42.45,234,5.5,5.5,3.5,2,22,27.5,1.5,150.5,5.45,0,0,5,13.5,3.5,5,5,0,12.5,5.5,43.55,1928.5,31.5,38.5,3,20.5,3,-1.5,85.56,36,21.5,0,1,204,5.75,9.6,6,42.5,43.25,261,6,5,4.5,2.5,32,30,1.5,152.5,5.1,0,0,6.5,3,10.5,6.5,4.5,1.5,13.5,4.5,31,1671.5,27.5,21.5,2,13,3,1.5,18.9,23.6,-3.2,23,21,,
63.85,26,12,3.5,10.5,0.5,0.5,50,2,1,2.5,1.5,1,69.5,375,5.45,61.25,16,10,1,5,0.5,0,0,0.5,0,1,1.5,1,51.5,315,6.15,91.875,28.5,17,1,1.5,212,7.55,12.45,8,55,45.4,204,4.5,4.5,2,1,48,21.5,0.5,103,5.2,0,0,10.5,3.5,5,0,5.5,2.5,11,4.5,39.15,1422.5,23,42.5,1.5,5.5,2.5,1.5,73.635,33,21,1.5,1,201.5,6,9.45,7,48.5,53.75,162.5,3,4,3.5,2,9.5,33,1,173.5,5.3,0,0,3,6.5,7,5,2,1,12.5,7,55.9,2177.5,36,17.5,3.5,27,2,-1.5,8.5,3.3,3.1,71.3,17.5,12,0.5,5,0,0,0,3,0.5,1.5,0.5,0.5,61.5,328.5,5.3,72.1,18,8.5,2.5,7,0,0,0,1,0,0.5,2,1.5,54,339,6.3,96.27,23,16.5,0.5,1,167.5,7.35,10.15,5.5,45,37.2,145.5,3.5,6,3.5,2,35,30,1.5,171.5,5.7,0,0,5,5,7,8.5,6,1.5,9.5,3.5,38.65,1686,27.5,36,1,7,3,1,79.935,32.5,23,1,0,233,7.2,10.1,9,93,47.75,188.5,4,4.5,2,0.5,4.5,25.5,0.5,95.5,3.7,0,0,3.5,1.5,3,4.5,5.5,0.5,12.5,4.5,37.05,1914,31.5,24,3.5,21,0.5,-1,14,-14.8,-0.9,34,31,,
64.6,22,15,2.5,4.5,0.5,0,0,2,0.5,1,3,2,62.5,322.5,5.1,58.95,22,9.5,2.5,10,2,1.5,83.35,1.5,0.5,1,2.5,2,68.5,355,5.2,86.81,30,17.5,0.5,1.5,178.5,6,10.25,5.5,75.5,39.8,149.5,3.5,7.5,3.5,2.5,17.5,37,2,176.5,4.75,0.5,0,8.5,10.5,4,7,4.5,1,14,6,41.75,1913,31.5,23,1.5,5,3.5,0,92.99,37.5,24,0.5,2,242.5,6.35,10,5.5,50,43.7,175,4,3.5,3.5,2,7.5,21.5,0.5,80,3.7,0,0,5,8,7.5,3,2.5,1,13,6.5,50,1687,27.5,37,3.5,25,2.5,0,2.2,-4.5,6.6,62.5,20.5,16,1,3.5,1,0.5,25,2,1,1.5,2,1.5,66.5,370,5.6,59.6,18,11,3.5,3.5,1.5,1,33.35,0,0,1,2,2,59.5,255,4.25,73.57,33.5,20,1,1,197.5,5.9,9.7,4,35,42.5,235,5.5,4,3,2,30.5,23,1,57.5,2.5,0,0,0,6.5,3.5,9,4,1.5,12.5,3,24.05,1597.5,26,37.5,3,24.5,2,0.5,96.895,40,24.5,0.5,1.5,297,8,12.45,6.5,59,50.55,171,3.5,8,3,2,47,24,1,73,3.2,0,0,7,0,10,4,7,1,15,8,53.35,2002.5,33,22.5,2.5,21.5,2.5,-0.5,-24.7,0.7,-11.2,7,19,,
68.65,18,8.5,2.5,7,0,0,0,1.5,0.5,0.5,1.5,1,60.5,321.5,5.3,71.35,21,13.5,1.5,6,1.5,1,50,3,2,3,2,1.5,61,368,6.05,81.825,39.5,28,1,0.5,252,6.4,9,6,47,40.5,183,4.5,2.5,2,1.5,18,20,1,116,5.8,0,0,0,3,0,7,3,0.5,10.5,2.5,23.6,1569,25.5,39,1.5,13,1.5,-2.5,118.695,20.5,14,0,1.5,170,8.2,12.15,6.5,65,50.5,203,4,8.5,3.5,1.5,55.5,39.5,0.5,151.5,3.8,0,0,7,8.5,5,3,4,3,14.5,8,55,2031,33.5,21,0.5,2.5,2.5,2.5,6.1,0,-5,60.6,20,11.5,4,4.5,2,1,33.35,1,1,3,1.5,1.5,62.5,269,4.25,58.55,20.5,11.5,3.5,5.5,0,0,0,0.5,0,0,2,1.5,62,341.5,5.5,93.665,30.5,18,0,1,241.5,7.8,12.8,7.5,78,47.75,136.5,3,5.5,4.5,2,60.5,29,1.5,100,3.45,0,0,12,0,6.5,11.5,3.5,3,14,7.5,52.6,1907.5,31.5,17.5,2.5,15,3,3,65.855,36,22,2,1.5,202,5.55,9,6.5,47.5,42.2,189,4.5,5.5,2.5,2,15,24.5,0.5,67,2.7,0,0,0,7,3.5,3.5,4.5,0,12.5,4.5,36.55,1692.5,27.5,42.5,2,18,2,-3,3.2,-14.2,-9.2,17,30,,
62.4,24.5,17,3,4.5,2.5,1.5,75,1.5,0.5,2,3,2,71,374.5,5.25,58.95,24,13,2.5,8.5,0,0,0,1,0,0.5,4.5,3,67,409.5,6.1,97.58,36.5,21.5,0.5,2,295,8.05,13.8,9,80,50.3,224.5,4.5,4.5,5,3,28.5,30,1.5,114.5,3.85,0,0,3,12,7,8.5,5,2,13,6,45.85,1684.5,27.5,34.5,0.5,5,3.5,1.5,85.57,43.5,27.5,1.5,2.5,263,5.9,9.35,6.5,57.5,52.5,210,4,3.5,4,2.5,34,26,0.5,111.5,4.15,0,0,3.5,8.5,3,10.5,3.5,0.5,12.5,4,32.05,1915.5,31.5,25.5,1.5,8,3,-1.5,13.4,1.3,3.8,52.9,13,9,2,2,1,0,0,0.5,0.5,1,0,0,59.5,227,3.7,63.35,28,15,3.5,9.5,1.5,1,75,1,1,1.5,2.5,1.5,81.5,434.5,5.3,94.56,40.5,25.5,0.5,2,266.5,6.65,10.5,8.5,74,44.05,214.5,5,11,4,2,76,37,2,168,4.5,0,0,3.5,7,8.5,18.5,7.5,1,16.5,7,42.5,2093.5,34.5,23.5,4,38.5,4.5,-0.5,73.315,35.5,19,0.5,1.5,182.5,5,9.45,6.5,49.5,47.2,377.5,8,3.5,1,0,18.5,17.5,0,44.5,2.55,0,0,7,5,0,1.5,8.5,1.5,13.5,2.5,18.7,1506.5,24.5,36.5,6.5,47,1.5,0.5,13.9,-34,-4.7,44,17,,
60.4,17.5,9.5,3.5,4.5,0.5,0,0,1,0,2,0.5,0.5,58.5,281.5,4.9,67.45,15.5,9.5,1.5,4.5,0.5,0,0,2.5,0,1,1,1,61.5,305,4.95,81.955,29,19.5,1,0.5,194,6.65,9.85,14,142,44.35,245,5.5,6,2.5,1,68,29.5,0.5,111,3.7,0,0,5,7,3,3,6.5,2,14,4.5,32.15,1898.5,31,38.5,3,17,1.5,1,73.345,30.5,18,2,1.5,161.5,5.45,9,7,59,46.5,232.5,5,5.5,1.5,1,39.5,24.5,0.5,120,4.5,0,0,5,5,3.5,7,5,1,11,3.5,31.85,1701.5,28,21.5,3.5,24.5,2.5,-1,4.5,-29.2,-1.3,68.25,28,16.5,2,9.5,0,0,0,1,1,2,3.5,3.5,69.5,434.5,6.25,65.3,25.5,17.5,1.5,6.5,1,1,50,0.5,0.5,0.5,2,2,70.5,446,6.35,104.03,42,27.5,0,2,323.5,7.6,11.4,7,63,46.95,182.5,4,3,3.5,2.5,32.5,27.5,1,122.5,4.5,0,1.5,5,8,10.5,6.5,2,2,13.5,6.5,49.15,1784,29.5,14,1,2.5,3.5,1.5,89.24,41,28,1,1.5,278,6.75,9.9,4,33,45.85,153.5,3.5,4.5,5,3.5,-1,27.5,2,156.5,5.7,0,0,3,12,3.5,10.5,1.5,0.5,13,7.5,57.65,1867.5,30.5,37.5,1,7,3.5,-1.5,15.4,24.6,1.6,9,20,,
63.4,16.5,11.5,1.5,3.5,1,1,50,2,1,2,1,1,54,261,4.7,76.5,20,9,1.5,9.5,0,0,0,1.5,0.5,1,2,1,65,364.5,5.6,110.075,24,18.5,0.5,1.5,164.5,6.95,9.1,9,95,47.1,160.5,3.5,3,4.5,2,46.5,40,1,200,5.15,0,0,8.5,5,6.5,4.5,3.5,2,13.5,7,50.85,2203,36,43,1,15.5,2.5,1,81.08,37,23.5,1,1.5,198,5.25,8.15,4.5,22,42.3,260.5,6,1,1.5,1.5,6,16,0.5,63,3.8,0,0,3.5,0,0,10.5,4.5,1,10.5,2.5,23.6,1397,23,17,1,9,2,-1,0.1,-25,0.5,60,18,10.5,1.5,6,2.5,1,25,2,1,1,2,2,70,303.5,4.4,54.5,21,9.5,4.5,7,0.5,0,0,2,1,3.5,1.5,1,66,288.5,4.35,56.695,34,18.5,2.5,1.5,166,4.9,9,5.5,42,47.8,164,3.5,4.5,3.5,1.5,16.5,28.5,0.5,122.5,3.9,0,0,7,1.5,6.5,5,3,1,12,5.5,45.1,1766.5,29,26.5,3.5,24,2,-2.5,84.48,39,22,0,1,184,5.25,8.65,12,131.5,41.2,226,5.5,5,3,2,70.5,28.5,1,119.5,4.25,0,0,10,12,1.5,1.5,5.5,3.5,15.5,5,32.55,1833.5,30,33.5,2.5,15,2.5,2.5,-27.1,-8.3,2.6,9,16,,
67,20.5,13,1.5,6,0.5,0,0,2,0,0.5,2,1.5,67.5,333.5,4.9,66.45,18,11.5,2.5,4,0.5,0,0,2,1.5,1.5,1,1,52.5,345.5,6.7,111.34,31,20.5,0,2,237,7.55,11.4,6.5,38,48.4,215.5,4.5,4,2.5,2,6,19.5,0.5,108.5,6.25,0,0,3.5,6.5,3.5,6,7.5,0.5,10.5,4.5,41.85,1487,24,47,2,16,2.5,-1,99.59,36.5,24.5,0.5,2,257,7.05,10.6,6,50,40.3,180,4.5,3,3,2,4.5,30.5,0.5,76.5,2.45,0,0,1.5,10,10.5,1.5,3,1.5,16,8,49.4,2113,35,13,0.5,4,2.5,1,5.6,-1.8,1,67.1,14,9,0,5,0,0,0,0.5,0,0.5,2,1,57.5,337.5,5.85,66.35,26,17.5,4,4.5,2,0.5,12.5,1,1,2.5,0,0,71.5,358.5,5.05,78.23,49,32.5,1.5,1.5,275.5,5.65,8.4,3.5,31.5,36.6,179.5,5,2,2.5,1.5,5.5,19.5,0,83,4.3,0,0,3.5,0,10,1.5,3,0.5,14,5,36.45,1979.5,32.5,29.5,3,19.5,1.5,-2,94.545,24,16,0.5,1,184.5,7.7,11.5,7.5,74,38.25,174.5,4.5,4,5,1.5,54,33,0.5,153,4.6,0,1.5,6.5,6.5,7,4.5,6,2.5,13.5,4.5,33.3,1777.5,29,37.5,0.5,3,2,2,-2.3,5.6,14,22,10,,
59.8,18.5,13.5,0.5,4.5,0.5,0,0,1,0,1,1,0.5,62,359.5,5.9,59.9,20.5,10.5,3,7,1,0.5,25,0.5,0.5,2,1,1,66,306.5,4.6,65.88,32,19,1.5,1,163,5.1,8.6,3.5,25,48.8,216.5,4.5,6.5,2.5,1.5,33,30,0.5,143.5,4.5,0,0,1.5,8,3.5,5,3,1,14,5,32.25,1903.5,31.5,13.5,4,26,1.5,-1,84.225,33.5,20,1,1.5,237.5,7.1,11.95,8.5,70,47.85,264.5,5.5,5,2.5,1,5,25.5,0,122,5.3,0,0,0,5,10,3,6.5,2,13,4.5,31.9,1696.5,27.5,46.5,3,12.5,1.5,1,-0.4,-13.7,-9.9,66.25,18.5,10.5,1,7,0,0,0,0,0,0,1.5,1,66.5,426,6.35,55.5,22.5,13.5,2,7,2,1,50,1,0.5,2.5,0,0,75,364.5,4.85,58.335,53,29.5,2,1,270.5,5.05,9.1,5,42.5,43.25,217.5,5,0.5,2,1,4.5,19.5,0.5,94,4.85,0,0,1.5,0,3.5,8,2.5,0,14.5,5.5,36.05,1695.5,28,15.5,2.5,17.5,1.5,-2.5,111.145,31,20.5,0,1,301.5,10.25,15.45,5.5,50,40.3,161,4,8,2.5,1,55.5,35.5,1,124.5,3.4,0,0,4.5,8,7,4,3,2.5,14,5,35.75,1904.5,31,44.5,0,0,2,2.5,-14.8,20.8,0.7,7,33,,
72.55,26,13.5,3,9.5,1.5,0.5,25,1.5,1,1,3,2,72,410.5,5.7,56.8,12,6,2.5,3.5,0.5,0,0,1,0.5,1,0,0,52,232,4.35,83.705,25,14,0.5,1,162,6.75,11.6,6,44.5,49.45,344.5,7,8.5,1.5,0,21,21.5,0,70,3,0,0,0,10.5,0,3,5.5,1,13.5,5,36.55,1502.5,24.5,32.5,5.5,37.5,1.5,0,99.915,36.5,26.5,0,1,249.5,6.85,9.55,9,84,45.4,222.5,5,11,4,2.5,53,32.5,2,161,5.1,0,0,3.5,10,1.5,8.5,6,1,13,4.5,33.95,2097.5,34.5,27.5,3,28,3,0,-20.1,13.9,-17,58.4,24,13.5,2.5,8,0.5,0.5,50,1,1,2,3,1.5,73.5,439,6.05,57.3,21.5,14,3,4.5,1,0.5,50,1.5,1,1.5,1,1,71.5,323.5,4.5,88.445,38.5,22,0.5,2.5,207,5.35,9.35,5.5,62.5,50.85,296.5,6,4,2.5,1.5,36,31.5,0,116.5,3.5,0,0,10.5,6.5,1.5,3.5,8,2,13,3,23.8,1964.5,32.5,14.5,1.5,12,2.5,0.5,83.75,41,24,1,1.5,303,7.5,13,8.5,70,46.05,222.5,5,3.5,4,1.5,56,30,1.5,136,4.5,0,0,1.5,1.5,14,15,5.5,1.5,15.5,6.5,41.9,1635.5,26.5,45.5,2.5,23.5,3.5,-0.5,-7,5.1,8.9,34,37,,
65.7,19,12,1.5,5.5,1,0.5,25,1,0.5,2,2,2,59.5,338.5,5.75,64.9,22.5,12,5,5.5,0.5,0.5,50,2,0.5,2,2,1.5,57.5,299,5.15,88.165,35.5,23,1.5,2.5,212.5,5.95,9.25,10,65,46.1,171.5,4,4,4,3,20,20,0.5,86.5,4.1,0,0,1.5,3.5,3.5,14,4.5,2,9,4,44.45,1726.5,28.5,16.5,2,16,3,0,89.42,28.5,18.5,1.5,1.5,212,7.55,11.5,13.5,99,49.9,118.5,2.5,3.5,4,2,60,28.5,1,126.5,4.45,0,0,15.5,7,1.5,0,5,2,12.5,7,56.05,1873.5,30.5,43.5,2.5,12.5,3,0,4.8,5.4,-2.4,56.6,21.5,11.5,5,5,0,0,0,1,1,1,1,1,63,334.5,5.3,62.5,19.5,12,2.5,5,1,0,0,1.5,1,2.5,1,1,64,315.5,4.9,78.535,37.5,23.5,1.5,1.5,249,6.65,10.65,7.5,58.5,41.75,206.5,5,7,2.5,1.5,1.5,25.5,0.5,66.5,2.6,0,0,0,5,10.5,0,3.5,1,13.5,6,45,1820,30,20,1,8.5,2,-1.5,84.99,33,19,0,1,218,6.4,11.15,6,47,42.3,191,4.5,3,3.5,1.5,45.5,27,0.5,116.5,4.3,0,0,5,3,0,13.5,6,2.5,13,5.5,42.35,1780,29,40,3,17.5,2,1.5,-11.5,-4.7,5.4,14,23,,
70.95,21.5,13.5,2,6,0.5,0.5,50,1,0,0,3.5,2.5,57.5,343,6.15,63.95,26,19,3,4,2.5,1,25,1,0,1,4,2,72.5,394,5.45,79.985,47.5,30.5,1,1,300.5,6.3,9.8,8,53.5,44.9,139.5,3,2,4,2,13,22.5,1.5,93.5,4.1,0,0,1.5,7,1.5,10.5,3,0,14.5,7.5,49.8,1915,31.5,25,2.5,12,2.5,-1,126.935,31,21.5,0,3,248,8.15,11.55,9,70.5,45.4,183,4,5.5,4,3,12,25.5,0.5,95,3.9,0,0,5,17.5,0,5,5.5,1,11,5,43.75,1685,27.5,35,1,7.5,3.5,1,-5.3,20.1,-0.7,67.95,19.5,8.5,2.5,8.5,1,0.5,50,2,1,1,2,1.5,53,343,6.6,72.7,22.5,15,2,5.5,0.5,0,0,2,0,0.5,3,2,66,316,4.75,101.49,35,25.5,0.5,2,225.5,6.4,8.75,7,59,39.75,138.5,3.5,1.5,3.5,2.5,3,29,0.5,90.5,3.25,0,0,5,10,3.5,4.5,2.5,1,14.5,8,54.4,2067.5,34,27.5,2,11,2.5,0.5,113.14,26.5,18,0,2,185.5,7,10.35,6,61,43.1,139.5,3,4,3.5,2.5,12,25,1.5,157.5,6.95,0.5,0,5,10.5,6,7,6,0.5,9.5,3.5,36.95,1532.5,25,32.5,1.5,11,3.5,-0.5,-2.1,24.3,-1.7,20,26,,
58.1,21.5,14.5,3.5,3.5,1.5,0.5,25,0.5,0,1.5,2.5,1.5,65.5,312.5,4.75,73.75,21.5,16,1,4.5,0.5,0.5,50,0.5,0,0,2,1.5,60.5,365,6.25,125.815,29.5,21.5,0,2.5,240,8.25,11.15,11.5,90.5,47.35,218,4.5,5,4,2.5,5,28.5,0,125,4.45,0,0,3.5,12,5,4.5,6,1.5,12,5,40.65,1845,30,45,2.5,14,2.5,1.5,60.245,38.5,22.5,1.5,0.5,212.5,5.5,9.45,5,43.5,41.3,146.5,3.5,4.5,3,1.5,24.5,24,1,100,4.1,0,0,1.5,5,0,7,4,0,14,6,38.55,1755,29,15,3,16,1.5,-1.5,13.8,-11.5,-0.5,59.75,24,13,3.5,7.5,2,0.5,12.5,2,1.5,2.5,1.5,1,72.5,325,4.5,56.65,16.5,11,0.5,5,2,1,25,1.5,1,1,1.5,1,69.5,315,4.6,83.285,41,22.5,0,1,214,5.9,10.2,7.5,70,36.85,187.5,5,3.5,4,1.5,16,26.5,0.5,101,3.9,0,0,8,6.5,7,3,6,2.5,16,5,31.35,1748,28.5,38,2,11.5,2,1.5,74.87,40.5,24.5,1,1.5,189.5,4.8,8.1,3.5,23,41.6,149.5,4,4,4,2,14.5,29.5,0.5,135.5,4.4,0,0,3.5,1.5,11.5,5,3,1,14.5,6,42.5,1852,30.5,22,2.5,20,2,-1.5,-6.8,-4.3,-16.5,34,15,,
64.05,20.5,13.5,1.5,5.5,0.5,0.5,50,1.5,1,2,0.5,0,62,395.5,6.3,66.85,24,11,4,9,0.5,0.5,50,0,0,0,3.5,2,64.5,356,5.55,100.435,30,20,0,1.5,186,6.15,9.35,6,45,49.95,212,4.5,3.5,5.5,2.5,30,33,1,170,5.25,0,0,5,1.5,10.5,9.5,4,2,11.5,3.5,29.95,1880.5,31,20.5,1.5,12,2.5,2,81.59,36,23,1,0.5,282.5,7.95,12.15,10,85.5,44.75,222.5,5,2.5,2.5,0.5,29.5,23,1,113,5,0,0,5,10,1.5,1.5,5.5,0,12,5,41.65,1719.5,28,39.5,3,21,1.5,-2,12.6,21.9,5.7,67.65,19.5,14,1.5,4,0.5,0.5,50,0.5,0,0,1.5,1.5,65,323.5,4.95,59.55,19,14,1.5,3.5,1,0.5,25,3,1.5,3,1,1,62.5,293.5,4.7,69.085,41.5,24.5,1.5,1.5,207.5,4.95,8.4,4,24,45.3,226.5,5,5.5,1.5,1.5,54,17.5,0,86,4.95,0,0,0,0,3.5,7,8.5,0,13.5,6,45,1664.5,27,44.5,3.5,29.5,1.5,-3,102.085,34,23,0,1.5,236,6.95,10.3,5,50,45.9,275.5,6,7,3.5,1.5,37,28.5,0.5,87.5,3,0,0,0,8,3.5,10.5,4,3,13.5,4.5,32.5,1935.5,32,15.5,2.5,19.5,2,3,-2,4.4,-4.6,37,19,,
68.5,24,14.5,5.5,4,0,0,0,1,0.5,1.5,1,1,60.5,321.5,5.2,67.25,17,10.5,0.5,6,1,0.5,25,1.5,0.5,2.5,2.5,2,60.5,360.5,6,72.775,28,18.5,2,1,199.5,7.2,10.7,12.5,113,48.5,134.5,3,3,4.5,2,57.5,30,1,161,5.3,0,1.5,8.5,8.5,1.5,1.5,4.5,1.5,12.5,5.5,43.55,1931.5,31.5,41.5,2.5,11,2,-1,102,41.5,28.5,1,3,255.5,6,8.7,7,50.5,39.85,199,5,3.5,3.5,3,22,17.5,0,66,3.75,0,0,3.5,3.5,5,12,5,2.5,10.5,4,37.5,1825.5,30,25.5,1.5,7,3,1,-19.9,5.4,-1,64.65,19.5,10,1,8.5,1.5,1,33.35,1.5,0.5,1.5,1.5,1,68,357,5.3,61,18,12,2.5,3.5,0,0,0,2,0.5,0.5,1.5,1,58.5,274,4.45,99.285,37,22.5,0,2.5,221.5,5.8,9.5,3.5,27.5,46.9,299,6.5,3.5,2.5,1.5,12,18.5,0,52.5,2.65,0,0,5,6.5,7.5,3.5,5,1.5,13,5,37.5,1642,27,22,3,27,2.5,1,76.925,30.5,19.5,1,1,178,5.9,9.35,9,93.5,45.4,227,5,7,3,1.5,13,35.5,1.5,179,5.05,0,0,8.5,7,3,3,4,0.5,14.5,6.5,44.4,1958,32,38,2,20.5,2.5,-1,-6.4,-17.7,-1,27,19,,
65.4,22,11,3.3333333333,7.6666666667,1.6666666667,0.6666666667,22.2333333333,1.3333333333,1,2.3333333333,1.6666666667,1.6666666667,65.3333333333,319,4.8,59.0333333333,20.3333333333,12.3333333333,3,5,0.6666666667,0.3333333333,16.6666666667,0.6666666667,0,1,1.6666666667,1.3333333333,62,364.6666666667,5.8666666667,82.66,32,19,1,1,258.3333333333,7.9666666667,13.1666666667,6.6666666667,65.3333333333,45.5,159.3333333333,3.6666666667,4,3.6666666667,1.6666666667,49.3333333333,27.6666666667,1.3333333333,106.3333333333,3.9,0,0,8,0,7.6666666667,10,3.6666666667,2.3333333333,13.3333333333,5.6666666667,40.6333333333,1820.3333333333,30,20.3333333333,2.3333333333,12.3333333333,2.6666666667,1.3333333333,84.5766666667,33.3333333333,21.6666666667,1.3333333333,1.6666666667,210,6.4,9.6,5.6666666667,42,41.4,179,4.3333333333,5.3333333333,4,2,16,30.3333333333,0.6666666667,109,3.3333333333,0,0,0,9.3333333333,3.3333333333,6.6666666667,4.6666666667,1,12.3333333333,4.3333333333,35.4666666667,1779.6666666667,29,39.6666666667,1.6666666667,14.6666666667,2.3333333333,-1.3333333333,-11.1,1,-3.8,69.2,26.3333333333,15,3,8.3333333333,1.3333333333,0.3333333333,16.6666666667,1.3333333333,0.6666666667,1,3,2.3333333333,73.3333333333,444,6.0333333333,60.1,15.3333333333,8.6666666667,3.3333333333,3.3333333333,0.3333333333,0,0,1.3333333333,0.6666666667,1,0.3333333333,0.3333333333,57.3333333333,281,4.7666666667,93.7,30.6666666667,18.6666666667,0.3333333333,1.6666666667,216.3333333333,7.0666666667,11.6,7,53,45.3666666667,279.3333333333,6,5.6666666667,2.3333333333,0.6666666667,25,23,0,64.6666666667,2.7,0,0,2.3333333333,11.6666666667,2,5.3333333333,4,1,12.6666666667,4.6666666667,36.5,1505.6666666667,24.6666666667,25.6666666667,3.6666666667,25,2.3333333333,0,101.0733333333,40.3333333333,27.6666666667,0.3333333333,1.6666666667,308.6666666667,7.5333333333,11.1,9.3333333333,99.6666666667,49.1666666667,205,4.3333333333,8,4,2.6666666667,43,31,1.6666666667,135.3333333333,4.4,0,0,7,8.6666666667,3.3333333333,8,5.3333333333,1,13.6666666667,5.6666666667,40.4,2094.3333333333,34.3333333333,34.3333333333,2,18.6666666667,3.3333333333,0,-2.3,3.3,-11.1,45,14,,
63.9,15.3333333333,9,1,5.3333333333,0.6666666667,0,0,0.6666666667,0,0.3333333333,1.3333333333,0.6666666667,60,322.3333333333,5.4,68.2333333333,24,15.3333333333,4.3333333333,4.3333333333,1.3333333333,0.3333333333,8.3333333333,0.6666666667,0.6666666667,1.6666666667,1,0.6666666667,68.6666666667,351,5.1333333333,95.68,41,27.6666666667,1,1.6666666667,267.3333333333,7.1,10.2333333333,4.3333333333,35.6666666667,40.8,218,5.3333333333,2.6666666667,3,1.6666666667,5.6666666667,25.3333333333,0,83.6666666667,3.6333333333,0.3333333333,0,4.6666666667,2,9,1.6666666667,3.3333333333,0.3333333333,13.6666666667,5,37.1333333333,1951,32,31,2.3333333333,14.6666666667,1.6666666667,-1.3333333333,89.5933333333,29.3333333333,18.3333333333,0.3333333333,1,191.3333333333,6.8333333333,10.6333333333,8.6666666667,83,40.5666666667,191.6666666667,4.6666666667,4,4,1.3333333333,36,29.3333333333,0.3333333333,131,4.4,0,1,4.3333333333,5.3333333333,7,3,6,1.6666666667,13.6666666667,5,36.5,1753.6666666667,28.6666666667,33.6666666667,1.3333333333,13,1.6666666667,1.3333333333,-8.6,-10.8,10.5,65.7666666667,18.6666666667,10.3333333333,2.3333333333,6,0.6666666667,0.3333333333,16.6666666667,1.3333333333,0.3333333333,1.3333333333,1.3333333333,1,61,351.3333333333,5.7333333333,72.5666666667,22.6666666667,12.3333333333,1.6666666667,8.6666666667,1.3333333333,0.6666666667,33.3333333333,2.6666666667,1.6666666667,2.3333333333,2,1.6666666667,64.3333333333,385,6,95.2233333333,35.6666666667,25.6666666667,0.6666666667,1,243.3333333333,6.9666666667,9.6,5.3333333333,41.6666666667,40.2666666667,175,4.3333333333,3.3333333333,3.6666666667,1.6666666667,18,27.3333333333,1,141.6666666667,5.4,0,0,0,6.6666666667,1,9,3.6666666667,1.3333333333,11,3,26.8333333333,1697.3333333333,27.6666666667,37.3333333333,1.3333333333,11.3333333333,2,-1,99.3466666667,25.3333333333,16.3333333333,1,1.3333333333,210.6666666667,8.2333333333,12.7333333333,6,56.6666666667,47.3333333333,203.6666666667,4.3333333333,6,3,1.3333333333,46,34.6666666667,0.6666666667,140.6666666667,4.1333333333,0,0,4.6666666667,5.6666666667,6.6666666667,4.3333333333,4,2.3333333333,13.6666666667,6,42.2333333333,1902.6666666667,31.3333333333,22.6666666667,1,4,2.3333333333,1,-6.5,-11.1,-2.7,17,23,,
68.6666666667,19.6666666667,14,2,3.6666666667,0.6666666667,0.6666666667,66.6666666667,1.3333333333,0.6666666667,0.6666666667,1,1,61.3333333333,332,5.4666666667,64.1333333333,20.6666666667,12.3333333333,2,6.3333333333,1,0.6666666667,50,2,1,2,2,1.6666666667,63.3333333333,347,5.4666666667,83.3266666667,37.6666666667,23.6666666667,1,1.6666666667,201.6666666667,5.4,8.4666666667,6.3333333333,46.3333333333,45.5333333333,197,4.3333333333,5.6666666667,2.3333333333,2,41.6666666667,23,0.3333333333,145.3333333333,5.9,0,0,1,2,7,9.3333333333,6.6666666667,0.6666666667,12.6666666667,5,39.1,1802.6666666667,29.3333333333,42.6666666667,2.6666666667,21.6666666667,2.3333333333,-1.3333333333,104.22,36.3333333333,25,0,1.6666666667,259.6666666667,7.1333333333,10.4,5.6666666667,68.3333333333,48.1,253.6666666667,5.3333333333,5.6666666667,2.3333333333,1,21.3333333333,22.3333333333,0.3333333333,72.3333333333,3.4,0,0,1,5.3333333333,3.3333333333,11.3333333333,4,2,13,4.3333333333,32.7666666667,1797.3333333333,29.6666666667,17.3333333333,2.6666666667,20.6666666667,2,1.3333333333,13.1,-2.5,-2.7,63.4,24.6666666667,11.6666666667,3.3333333333,9.6666666667,1.3333333333,0.6666666667,50,0.6666666667,0.3333333333,1,2.6666666667,1.3333333333,71.3333333333,373.3333333333,5.2666666667,67.1,17.3333333333,11,1.3333333333,5,0,0,0,1,0.6666666667,1,1.3333333333,0.6666666667,58.6666666667,352,6,95.96,33.3333333333,22,0.3333333333,0.6666666667,262.3333333333,8.2666666667,12.0333333333,8.3333333333,71.3333333333,42.8666666667,171.3333333333,4,3.3333333333,2.6666666667,1,25.3333333333,24.3333333333,0.6666666667,89.6666666667,3.8666666667,0,0,4.3333333333,4,5.6666666667,2.6666666667,4,1,12.3333333333,5,41.3666666667,1689,27.6666666667,29,1,7,1.3333333333,0,86.2666666667,40.6666666667,25,0.6666666667,1.3333333333,237.3333333333,6,9.5666666667,4,32,49.3,143.6666666667,3,1.6666666667,4.6666666667,1.6666666667,20.6666666667,29.6666666667,0.6666666667,136,4.6,0,0,3.3333333333,3.3333333333,7,8,3,1,13.6666666667,5.6666666667,40.7,1911,31.3333333333,31,1,5.3333333333,2,0,-4.7,16.1,0.3,10,38,,
63.2333333333,20.6666666667,15,1.3333333333,4.3333333333,0.6666666667,0.3333333333,16.6666666667,1.6666666667,1,2,2,1,69,364.3333333333,5.3333333333,59.5,16.6666666667,10.3333333333,3,3.3333333333,1.3333333333,0.6666666667,22.2333333333,0.3333333333,0.3333333333,1,1.3333333333,1.3333333333,56.6666666667,244.3333333333,4.3,77.88,31.3333333333,18.6666666667,0.6666666667,1,180.6666666667,5.7333333333,9.5333333333,4.3333333333,33.3333333333,42.6666666667,228.3333333333,5.3333333333,5.6666666667,2.6666666667,1.6666666667,31,22.6666666667,0.6666666667,63.6666666667,2.8333333333,0,0,2.3333333333,4.3333333333,2.3333333333,6,4,2,11.6666666667,3.3333333333,29.3666666667,1500.6666666667,24.3333333333,40.6666666667,2.6666666667,21.3333333333,1.6666666667,1,84.8166666667,38,23.6666666667,1,1,277.3333333333,7.6666666667,11.9,6.3333333333,52.6666666667,51.0333333333,148.6666666667,3,6.3333333333,2.6666666667,1.3333333333,50,28.6666666667,1,87,3.1333333333,0.3333333333,0,7,1.6666666667,6.6666666667,5,6.6666666667,1,16,9,55.9333333333,2099.3333333333,34.6666666667,19.3333333333,2.3333333333,17,2.3333333333,-1,-20.6,4,-8.4,63.2666666667,20,11.6666666667,1.6666666667,6.6666666667,1.6666666667,1,38.9,2.3333333333,0.6666666667,2,1.3333333333,0.6666666667,69.3333333333,376,5.4666666667,60.8333333333,17.6666666667,11.6666666667,2.3333333333,3.6666666667,0,0,0,1.6666666667,0.6666666667,0.6666666667,1.3333333333,1,60,268.3333333333,4.3333333333,96.7466666667,37.3333333333,22.6666666667,0,2.3333333333,213.3333333333,5.6,9.2,5.3333333333,50,45.4666666667,270.3333333333,6,5,2.6666666667,1.6666666667,30.6666666667,19.3333333333,0,55,2.7333333333,0,0,8,5.3333333333,7.3333333333,3.3333333333,4.6666666667,2,13.6666666667,5.6666666667,40.5666666667,1657.3333333333,27.3333333333,17.3333333333,3.3333333333,27.3333333333,2.6666666667,1.3333333333,74.5866666667,34.6666666667,21.6666666667,1.3333333333,1,218.6666666667,6.2666666667,10.0666666667,8,88.3333333333,46.3666666667,199.6666666667,4.3333333333,7.3333333333,4,1.3333333333,12,32.3333333333,1,157.3333333333,4.8333333333,0,0,6.6666666667,8,3,3,4,0.6666666667,14.6666666667,6.3333333333,42.9333333333,1942.6666666667,31.6666666667,42.6666666667,2.3333333333,19,2,-1.3333333333,-1.4,-19.7,1.9,24,17,,
62.8333333333,19.3333333333,13,2.3333333333,4,0.6666666667,0,0,1.6666666667,0.6666666667,1,2,1.3333333333,58.6666666667,289.3333333333,4.8666666667,60.8666666667,21.6666666667,10.6666666667,2.3333333333,8.6666666667,1.3333333333,1,55.5666666667,1.3333333333,0.6666666667,1.6666666667,2.3333333333,1.3333333333,70.3333333333,354.3333333333,5.0666666667,78.0933333333,31.3333333333,19,1,1,198.3333333333,6.3333333333,10.4333333333,5.6666666667,63.6666666667,43.8666666667,134.3333333333,3,6,3,1.6666666667,30.3333333333,37.3333333333,1.6666666667,156,4.1666666667,0.6666666667,0,8,8.6666666667,2.6666666667,7,5,1,15.3333333333,7.6666666667,48.2,2039.6666666667,33.6666666667,19.6666666667,1.6666666667,6,3,-0.6666666667,90.8266666667,34,21.3333333333,0.3333333333,1.6666666667,210.6666666667,6.0333333333,9.7333333333,5.3333333333,43.3333333333,43.4666666667,188.3333333333,4.3333333333,5.3333333333,3,1.6666666667,15.6666666667,21.6666666667,0.3333333333,78.6666666667,3.6333333333,0,0,5.6666666667,5.3333333333,5,2,3,1.6666666667,12,5.6666666667,46.6666666667,1560.3333333333,25.3333333333,40.3333333333,3,21.6666666667,2,0.6666666667,-1.1,14.8,4.9,65.8333333333,21.6666666667,13.3333333333,4.3333333333,4,0,0,0,1,0.6666666667,1.3333333333,1,1,61.3333333333,300,4.8333333333,65,18.3333333333,12,1.3333333333,5,1.3333333333,0.6666666667,33.3333333333,2.3333333333,0.6666666667,2.6666666667,2,1.3333333333,64.3333333333,378.3333333333,5.9333333333,71.82,33,21,2,1,233,7.1333333333,10.9666666667,10.3333333333,101.3333333333,48.4333333333,138,3,4.6666666667,5,1.6666666667,41.6666666667,28.6666666667,0.6666666667,145.3333333333,5,0,1,6.6666666667,9,2,2,4.3333333333,1.3333333333,13.3333333333,5.6666666667,42.3666666667,1925,31.3333333333,45,2.6666666667,12.6666666667,1.6666666667,-1.3333333333,98.5566666667,40.3333333333,26.6666666667,0.6666666667,2.6666666667,236,5.7333333333,8.6666666667,7.6666666667,65.3333333333,40.7666666667,203.6666666667,5,5,3.3333333333,2.6666666667,37.3333333333,18.6666666667,0,64,3.4666666667,0,0,7,3.3333333333,5.6666666667,9,4.6666666667,2.6666666667,12,5,40.5666666667,1779.6666666667,29.3333333333,19.6666666667,2.3333333333,14,3,1.3333333333,-3.3,4.2,-1.2,38,17,,
56.1,22,12.6666666667,2.3333333333,7,2,0.3333333333,8.3333333333,1.6666666667,1,1.6666666667,1.3333333333,1,70.6666666667,327.3333333333,4.6666666667,63.1,18.6666666667,12,0.6666666667,6,1.6666666667,1,50,2.3333333333,1.3333333333,1.3333333333,1.3333333333,1,70,324,4.6666666667,99.8566666667,35.6666666667,21.3333333333,0,1.6666666667,198.6666666667,6.1666666667,9.7333333333,6.3333333333,54.3333333333,41.5666666667,210,5,4.3333333333,3.6666666667,2,39,31.3333333333,1,125.3333333333,4,0,0,5.3333333333,9,7,6.3333333333,5,1.6666666667,16,6.3333333333,39.6333333333,1839.3333333333,30,39.3333333333,3,13.6666666667,3,0.3333333333,72.9266666667,41.3333333333,23.3333333333,0.6666666667,1.3333333333,190,4.6666666667,8.4333333333,4.3333333333,37,43.3,208.6666666667,5,4.3333333333,3.3333333333,1.6666666667,13.3333333333,26.3333333333,0.3333333333,137.3333333333,5.2666666667,0.3333333333,0,2.3333333333,2,11.6666666667,3.3333333333,4,1.3333333333,14.6666666667,5.3333333333,37.2333333333,1760.6666666667,29,20.6666666667,3,18,1.6666666667,-0.3333333333,-9.2,-2.6,-11.3,62.8666666667,15.6666666667,10.6666666667,1.6666666667,3.3333333333,0.6666666667,0.6666666667,33.3333333333,1.3333333333,0.6666666667,1.6666666667,1,0.6666666667,54.6666666667,254.3333333333,4.5666666667,72.6333333333,20.3333333333,10.6666666667,1.6666666667,8,0.3333333333,0,0,1.3333333333,0.3333333333,0.6666666667,2,0.6666666667,67,342,5.1333333333,103.3933333333,28.3333333333,20.3333333333,0.3333333333,1.3333333333,183.3333333333,6.6333333333,9.1333333333,8,83,47.4,187,4,2.6666666667,4.3333333333,1.6666666667,33.6666666667,37.3333333333,0.6666666667,158.6666666667,4.2333333333,0,0,5.6666666667,6.6666666667,4.3333333333,5,2.6666666667,1.6666666667,15,7.6666666667,50.5666666667,2100.3333333333,34.3333333333,40.3333333333,1.3333333333,14.6666666667,2,1,74.9266666667,36,22.6666666667,1,1,190,5.2,8.2,5,31,42.6,245.6666666667,5.6666666667,2.6666666667,1.6666666667,1,16,18,0.3333333333,64.3333333333,3.5333333333,0,0,3.3333333333,0,2,7,5,0.6666666667,11.3333333333,3.3333333333,28.5666666667,1499.6666666667,24.6666666667,19.6666666667,0.6666666667,6,1.3333333333,-1,6.9,-31.1,4.2,38,14,,
66.7333333333,15,8,1.6666666667,5.3333333333,0.3333333333,0.3333333333,33.3333333333,3,1.6666666667,3,1.3333333333,1,54.6666666667,271,5,77.4,21.6666666667,15,0.6666666667,6,0.3333333333,0.3333333333,33.3333333333,2.3333333333,1.3333333333,1.6666666667,1.3333333333,1.3333333333,64.3333333333,387,6,114.4,30.3333333333,23.3333333333,0.3333333333,1.6666666667,261.6666666667,8.8,11.1666666667,5.3333333333,56.6666666667,46,154.6666666667,3.3333333333,6.3333333333,3.3333333333,1.6666666667,46.3333333333,32.6666666667,1.3333333333,125.3333333333,3.8333333333,0,0,9.3333333333,9,8,5.3333333333,5.3333333333,3,12.3333333333,6.3333333333,52.7333333333,1998.6666666667,33,18.6666666667,1.3333333333,10,3.6666666667,1.3333333333,72.6166666667,30.6666666667,20,1.3333333333,1,163.3333333333,5.7,8.4333333333,6,51.6666666667,38.3,193.6666666667,4.6666666667,3.6666666667,2.6666666667,1.6666666667,29.3333333333,21.6666666667,0.6666666667,107.6666666667,4.9333333333,0,0,2.3333333333,0,2.3333333333,10.3333333333,5.3333333333,1.6666666667,11,4.3333333333,41.0333333333,1601.3333333333,26,41.3333333333,2.3333333333,17,2,-1.3333333333,8.8,-30.8,-8.6,67.1333333333,21.6666666667,12,2,7.6666666667,0.6666666667,0.6666666667,66.6666666667,1,0.6666666667,1.3333333333,1.6666666667,1,63,415,6.5333333333,68.1333333333,22.6666666667,12,3.6666666667,7,0.6666666667,0.6666666667,66.6666666667,1,0.6666666667,0.6666666667,2.3333333333,1.3333333333,61,353.6666666667,5.8666666667,103.12,33.6666666667,23,0,1.6666666667,226.3333333333,6.6,9.7666666667,6.3333333333,65,50.8,211.3333333333,4.3333333333,3.3333333333,3.6666666667,1.6666666667,16.6666666667,25.3333333333,0.6666666667,127.3333333333,4.9,0,0,4.3333333333,1,8,10.6666666667,4,1.3333333333,11.6666666667,3.6666666667,31.0666666667,1760.6666666667,29,20.6666666667,2,15.6666666667,2.3333333333,0.6666666667,91.6633333333,34,22.6666666667,0.6666666667,1,251.6666666667,7.4,10.9666666667,10.3333333333,87.3333333333,45.1666666667,194.3333333333,4.3333333333,3.6666666667,3,1.3333333333,25.3333333333,26.6666666667,1,163.3333333333,5.9333333333,0,0,4.3333333333,8.6666666667,5.6666666667,5.6666666667,4.6666666667,0.6666666667,11.6666666667,4.3333333333,36.8666666667,1839.3333333333,30,39.3333333333,2.3333333333,16,2.3333333333,-0.6666666667,10.1,12.5,2.7,27,24,,
56.5333333333,19.6666666667,11.3333333333,1.6666666667,6.6666666667,1,0.3333333333,16.6666666667,1.3333333333,0,1.3333333333,1,0.6666666667,62.6666666667,348.3333333333,5.6333333333,61.7333333333,22,10.3333333333,3.3333333333,8.3333333333,1,0.3333333333,16.6666666667,0.3333333333,0.3333333333,1.6666666667,1.6666666667,1.6666666667,63,304.3333333333,4.8333333333,71.5366666667,30,18.3333333333,1.3333333333,1,170,5.7666666667,9.3333333333,4.6666666667,33.3333333333,48.9333333333,210,4.3333333333,6,3.3333333333,2.3333333333,22.6666666667,30.3333333333,1.3333333333,134.3333333333,4.2333333333,0.3333333333,0,4.3333333333,8.3333333333,4.6666666667,5.6666666667,3,1.3333333333,12.3333333333,4.3333333333,32.6,1843.6666666667,30.3333333333,23.6666666667,2.6666666667,17.3333333333,2.3333333333,-0.3333333333,69.7933333333,33.6666666667,19,1.3333333333,1,217.3333333333,6.4666666667,11.4333333333,9.3333333333,79.6666666667,43.6333333333,223.3333333333,5,3.3333333333,2.3333333333,1,3,26.3333333333,0.3333333333,131,5.3,0,0,0,3.3333333333,6.6666666667,4.3333333333,5,1.6666666667,12.6666666667,3.6666666667,26.8333333333,1756.3333333333,28.6666666667,36.3333333333,2.6666666667,11,1.3333333333,0.3333333333,5.8,-16,-6.2,67.1666666667,25.3333333333,18.6666666667,2,4.6666666667,2,1,50,1,0.3333333333,1.3333333333,3,2.3333333333,72,426,5.8666666667,58.6666666667,22,12,2.3333333333,7.6666666667,0,0,0,1,0.3333333333,1.3333333333,3.3333333333,2.3333333333,63,387.6666666667,6.1666666667,90.7933333333,34.6666666667,20.3333333333,1,2,276.3333333333,7.9333333333,13.6333333333,6.6666666667,58.3333333333,49,227,4.6666666667,5.3333333333,3.6666666667,2.3333333333,19,26.6666666667,1,111.3333333333,4.3,0,0,2,8,5.6666666667,10.3333333333,4.6666666667,1.3333333333,12,5.3333333333,43.9,1582,25.6666666667,42,1.6666666667,9,3,0,101.83,43.3333333333,29.3333333333,1,3,303.6666666667,6.9333333333,10.1333333333,7,53.6666666667,52.8333333333,175.6666666667,3.3333333333,4.6666666667,4.6666666667,3,38.3333333333,27,0.3333333333,122.3333333333,4.4333333333,0,0,5.6666666667,12.3333333333,2,11.6666666667,4,1.3333333333,13,5.3333333333,40.4,2018,33.3333333333,18,1.6666666667,7,3.6666666667,0,9.9,9,3.5,17,41,,
54.6333333333,14.6666666667,9.3333333333,2,3.3333333333,0.6666666667,0,0,0.6666666667,0.6666666667,1.6666666667,0.3333333333,0.3333333333,58,266,4.5666666667,67.8,27.6666666667,17.3333333333,2.3333333333,8,1.3333333333,0.6666666667,50,0.6666666667,0.6666666667,1,2.6666666667,2,79,466,5.9,107.8233333333,41.3333333333,28,0.3333333333,2.6666666667,306,7.4333333333,10.9,8.3333333333,64.6666666667,47.2,178.6666666667,4,9.6666666667,4.6666666667,2.6666666667,66.3333333333,34.3333333333,1.3333333333,160,4.6666666667,0,0,5.6666666667,11.3333333333,5.6666666667,17,6.6666666667,1.6666666667,15.6666666667,7.3333333333,47.3666666667,2136.6666666667,35.3333333333,16.6666666667,3.3333333333,27.3333333333,4.6666666667,0.6666666667,74.6166666667,34,18.6666666667,1,1.6666666667,201.3333333333,5.9,10.7333333333,5,38,46.9333333333,329,7,4.6666666667,1,0.3333333333,12.3333333333,18.3333333333,0,64.6666666667,3.4333333333,0,0,4.6666666667,3.3333333333,1,5.6666666667,7,1,12.3333333333,3,25.8,1463.3333333333,23.6666666667,43.3333333333,5.6666666667,37,1.6666666667,-0.6666666667,14.3,-33.9,-1.8,68.6666666667,20.3333333333,12.3333333333,2.6666666667,5.3333333333,0.3333333333,0,0,1.3333333333,0,0.3333333333,2.3333333333,1.6666666667,66,334.3333333333,5.0333333333,63.4666666667,18,10.6666666667,2.6666666667,4.6666666667,1,0,0,1.6666666667,1,1,0.6666666667,0.6666666667,56.6666666667,327.6666666667,5.9666666667,100.79,34,21.3333333333,0,1.6666666667,226.3333333333,6.7333333333,10.5666666667,8,59,47.3333333333,219,4.6666666667,4,2.3333333333,1.6666666667,4,20.3333333333,0.3333333333,101.3333333333,5.5,0,0,2.3333333333,5.3333333333,4.6666666667,4,7,0.3333333333,11.6666666667,5,42.2,1560,25.3333333333,40,2.3333333333,21.6666666667,2,-0.6666666667,109.92,32.6666666667,22.3333333333,0.3333333333,2,255,8.0333333333,11.7,6,48,43.2666666667,218.3333333333,5,3.3333333333,3.3333333333,2,5,32.6666666667,0.3333333333,79.3333333333,2.4,0.3333333333,0,3.3333333333,8.6666666667,9.3333333333,1.6666666667,3.3333333333,1,15,7,45.7666666667,2040,33.6666666667,20,0.6666666667,4.3333333333,2.3333333333,0.6666666667,-2.5,4.5,0.8,14,33,,
70.7666666667,24.3333333333,16.3333333333,1.6666666667,6.3333333333,0.6666666667,0.3333333333,16.6666666667,1.6666666667,1.3333333333,2.6666666667,1.3333333333,1.3333333333,66.3333333333,455,6.8333333333,65.6,20.3333333333,11.3333333333,1.6666666667,7.3333333333,0.3333333333,0.3333333333,33.3333333333,2,1.6666666667,2.3333333333,2,2,65.3333333333,387,5.7666666667,94.2266666667,34,22.3333333333,0.6666666667,1,262.6666666667,8.2333333333,12.4666666667,7,64,45.7333333333,193,4.3333333333,5,3.3333333333,2.3333333333,31.6666666667,30.3333333333,1.6666666667,124.3333333333,4.1333333333,0,0,3,7,4.6666666667,9.3333333333,2.6666666667,2.6666666667,13.3333333333,5.6666666667,42.5,1815,29.6666666667,35,1,8.6666666667,3,0.3333333333,104.67,38.3333333333,26.3333333333,1.3333333333,2.3333333333,333.6666666667,9.1333333333,12.5,7.3333333333,67.3333333333,46.2,169,3.6666666667,2.6666666667,2.6666666667,2.3333333333,35,26.6666666667,1.3333333333,121.3333333333,4.6666666667,0,1,8,8,11.6666666667,5.6666666667,3.6666666667,2.3333333333,11.3333333333,5.6666666667,50.7333333333,1819.3333333333,30,19.3333333333,1.3333333333,9.3333333333,4.3333333333,-0.3333333333,10.9,26.6,10.6,59.1666666667,16,9,3,4,0.3333333333,0,0,0.6666666667,0,1.3333333333,0.6666666667,0.3333333333,57,270,4.8,70.6666666667,19.3333333333,12,1.6666666667,5.6666666667,0.3333333333,0,0,2,0,0.6666666667,1,1,63.6666666667,335.3333333333,5.2333333333,94.5366666667,31,22,0.6666666667,1,225.3333333333,7.1666666667,10.1333333333,10.6666666667,104.6666666667,45.1666666667,225.6666666667,5,5.3333333333,2.6666666667,1.3333333333,38.3333333333,30.3333333333,0.6666666667,110,3.6,0,0,7.6666666667,4.6666666667,2,4.3333333333,6,1.3333333333,13.6666666667,6,44.5,1936.6666666667,31.6666666667,36.6666666667,2.3333333333,13,2,0.6666666667,74.0366666667,30.3333333333,17.6666666667,1.3333333333,1,170.3333333333,5.7333333333,9.7,6.3333333333,54,46.0666666667,215.3333333333,4.6666666667,4.6666666667,1.6666666667,0.6666666667,30,23.6666666667,0.3333333333,99.6666666667,3.9,0,0,3.3333333333,5.3333333333,3.3333333333,4.6666666667,5,0.6666666667,12.3333333333,4.3333333333,34.5666666667,1663.3333333333,27.3333333333,23.3333333333,3,21.3333333333,1.6666666667,-0.6666666667,7.9,-10.8,1.1,28,41,,
61.1666666667,23.3333333333,13.6666666667,3.3333333333,6.3333333333,0.3333333333,0.3333333333,33.3333333333,1.3333333333,1,1.6666666667,2.3333333333,1.3333333333,71.6666666667,419,5.9,59.0333333333,23.3333333333,15.3333333333,3,5,1,0.3333333333,33.3333333333,1.3333333333,0.6666666667,1.3333333333,1.6666666667,1.6666666667,73,386,5.2333333333,93.4266666667,41.6666666667,24.6666666667,0.6666666667,2.6666666667,280.3333333333,6.5333333333,10.9666666667,7,85.3333333333,52.8,254.3333333333,5,3.3333333333,3,2,31.6666666667,30.3333333333,0.3333333333,105.6666666667,3.3333333333,0,0,11.6666666667,6.3333333333,3.3333333333,4.6666666667,6.6666666667,1.6666666667,13.6666666667,4.6666666667,33.6333333333,2005.6666666667,33,25.6666666667,1,8,3,0.3333333333,93.73,41.3333333333,25.3333333333,0.6666666667,2,310.3333333333,7.5666666667,12.5333333333,8.6666666667,70,43.1,198,4.6666666667,2.3333333333,4,1.6666666667,48.3333333333,28.6666666667,1,108.6666666667,3.7,0,0,3.3333333333,5.6666666667,11.3333333333,13.3333333333,4,1.3333333333,14,5.6666666667,40.0666666667,1594.3333333333,26,34.3333333333,1.6666666667,15.6666666667,3.6666666667,-0.3333333333,-7.9,-8.3,10.9,69.9333333333,19.3333333333,13,1.3333333333,5,1,0.6666666667,50,0.6666666667,0.3333333333,1.3333333333,2,2,60.3333333333,331.6666666667,5.5333333333,61.9,23,12,5.6666666667,5.3333333333,0.6666666667,0.6666666667,66.6666666667,1.6666666667,0.6666666667,1.6666666667,2,1,58.6666666667,312,5.2666666667,91.9066666667,35,21.6666666667,1,2.3333333333,226.3333333333,6.4666666667,10.6333333333,8.3333333333,55.3333333333,47.0666666667,130.6666666667,3,3.3333333333,4,2.3333333333,16,22.3333333333,0.3333333333,85.6666666667,3.7666666667,0,0,2,3.3333333333,7,10.3333333333,4.3333333333,1.3333333333,10.3333333333,5.3333333333,50.1333333333,1704.3333333333,28,24.3333333333,1.3333333333,10.6666666667,2.6666666667,-0.3333333333,93.6966666667,31.3333333333,22,1,1.3333333333,220,7.1666666667,10.3666666667,12,101.6666666667,47.7666666667,137,3,3.3333333333,3.6666666667,2,44.6666666667,27,1,111.6666666667,4.1,0,0,12.6666666667,7,1,0,4,1.6666666667,12.6666666667,6.6666666667,52.7666666667,1895.6666666667,31,35.6666666667,2,11.3333333333,2.6666666667,0.3333333333,-9.3,1.1,-9.5,21,26,,
71.2,27.6666666667,16.6666666667,2,9,0,0,0,1,0.6666666667,1.3333333333,2.6666666667,2.6666666667,69,421.6666666667,6.1,62.4333333333,21.3333333333,14.3333333333,1.6666666667,5.3333333333,0.6666666667,0.6666666667,33.3333333333,0.3333333333,0.3333333333,0.3333333333,1.6666666667,1.3333333333,65,379.6666666667,5.7666666667,94.4933333333,38,24,0,1.3333333333,278.3333333333,7.1666666667,11.3,6.3333333333,56.6666666667,46.3666666667,182,4,3,3,1.6666666667,25.3333333333,25.6666666667,0.6666666667,101.3333333333,3.9,0,1,3.3333333333,7.3333333333,8,4.3333333333,3,1.3333333333,14,6.3333333333,46.1,1718.3333333333,28.3333333333,18.3333333333,1.3333333333,6.6666666667,2.3333333333,1,99.3933333333,39,27.6666666667,0.6666666667,1.6666666667,281.3333333333,7.2333333333,10.1666666667,4,32,46.1666666667,164.6666666667,3.6666666667,4.3333333333,4.3333333333,3,-7.6666666667,29,1.6666666667,140.3333333333,4.9333333333,0,0,6.3333333333,8,2.3333333333,9.3333333333,2.6666666667,0.3333333333,13,8,61.5,1916,31.3333333333,36,1,6.3333333333,3.3333333333,-1,20.2,15.7,-0.5,68.6666666667,23.6666666667,11.3333333333,3.6666666667,8.6666666667,0.3333333333,0.3333333333,33.3333333333,1.6666666667,1,2.3333333333,1.3333333333,1,63.6666666667,363.3333333333,5.8,64.6333333333,19.3333333333,12.6666666667,1,5.6666666667,1,0.3333333333,16.6666666667,0.6666666667,0.3333333333,1.6666666667,1.6666666667,1.3333333333,58.3333333333,359.3333333333,6.1666666667,93.9233333333,33,21.3333333333,1.3333333333,2,250.3333333333,7.6333333333,11.9333333333,8,76.3333333333,38.2666666667,144,3.3333333333,3,2.6666666667,1.3333333333,40,24.3333333333,0.3333333333,109,4.8,0,0,9.3333333333,7,3.3333333333,3.3333333333,5.3333333333,2.3333333333,11.6666666667,5.6666666667,46.6,1605,26,45,1,3.6666666667,3,0.6666666667,88.04,29.6666666667,20,1.3333333333,1.3333333333,206.6666666667,7.1333333333,10.3333333333,5.6666666667,37.3333333333,48.8333333333,134.3333333333,2.6666666667,4.6666666667,3.6666666667,2,12,31.6666666667,1,156.6666666667,4.9333333333,0,0,2,7.6666666667,8,8,1.6666666667,1.6666666667,11.6666666667,6.3333333333,53.9333333333,1995,33,15,2.3333333333,18,2.6666666667,-0.6666666667,8.3,12.1,3.3,17,38,,
61.6333333333,19,11.6666666667,1.6666666667,5.6666666667,2,0.6666666667,16.6666666667,1.6666666667,0.6666666667,0.6666666667,2,1.3333333333,70.3333333333,301.3333333333,4.3333333333,56.9333333333,18.6666666667,9.3333333333,3.6666666667,5.6666666667,0.3333333333,0,0,1.3333333333,0.6666666667,2.6666666667,1.3333333333,0.6666666667,62.6666666667,272.6666666667,4.3333333333,58.67,34,19.3333333333,2,1,168.6666666667,4.9666666667,8.7666666667,5.6666666667,44.3333333333,46.2666666667,181.3333333333,4,5,3,1,23,26.3333333333,0.3333333333,104,3.6,0,0,5.6666666667,1,6.3333333333,3.3333333333,4,0.6666666667,12.3333333333,5.3333333333,42.9,1746,28.6666666667,26,2.3333333333,16,1.3333333333,-2,86.33,38.3333333333,22.6666666667,0,1,196.3333333333,5.5,8.8333333333,10,107.3333333333,43.4666666667,230.6666666667,5.3333333333,4,3.3333333333,1.6666666667,49.6666666667,29.6666666667,0.6666666667,105,3.6333333333,0,0,6.6666666667,11.3333333333,1,3,4,2.6666666667,16.3333333333,6.3333333333,38.3666666667,1854,30.3333333333,34,2.3333333333,14.3333333333,2,2,-8,-17,3.2,64.0666666667,22,14.3333333333,2.6666666667,5,1.3333333333,0.6666666667,50,1.6666666667,0.6666666667,1.6666666667,2,1.3333333333,67.3333333333,322.3333333333,4.7666666667,65.4333333333,20.3333333333,14.6666666667,0.6666666667,5,1,0.3333333333,33.3333333333,0.6666666667,0,0,1.6666666667,1.3333333333,62.6666666667,354,5.8333333333,106.89,34,21.3333333333,0,2,223.6666666667,6.9666666667,10.4666666667,9.6666666667,82,47.1333333333,254.3333333333,5.3333333333,5,3.3333333333,2,7,25.6666666667,0,130.3333333333,5.3,0.3333333333,0,2.3333333333,9,7.3333333333,3,6,1.6666666667,13,4.6666666667,36,1756,28.6666666667,36,3,14,2,1.6666666667,84.4966666667,34,21.3333333333,1,1.3333333333,197.6666666667,5.9,9.2333333333,4.6666666667,36.6666666667,44.5333333333,182.6666666667,4,5,3,2,44.6666666667,29.6666666667,1.3333333333,124.6666666667,4.1333333333,0,0,1,8,2.3333333333,9,3.6666666667,0,14.6666666667,7,44.4333333333,1844,30.3333333333,24,3.6666666667,16.6666666667,2.6666666667,-1.6666666667,3.5,5.6,0.2,14,41,,
60.2,18.5,10.25,2.5,5.75,0.5,0.25,25,0.5,0,1,1.25,0.75,61.25,342,5.475,68.25,20.25,13,1.5,5.75,0.25,0,0,1.5,0,1,1,1,63.75,354.25,5.525,92.46,33.5,22.75,1,1.5,241,7.125,10.475,9.25,91,46.375,231.75,5,4.25,2.25,1.25,32.75,28.25,0.75,113.25,4.1,0,0,7.5,5.25,5,3.25,5,1,14,7,50.05,1859.5,30.5,29.5,2,12.25,2.5,0,80.25,30.25,18,1,0.75,207,6.95,11.45,6.25,50.5,45.3,183,4,4.75,2.75,1.5,32.25,28.75,1.25,135,4.3,0,0,6,6.5,3.25,7,4.25,1,12.5,4.75,37.475,1740.5,28.5,30.5,2.25,16,2.25,0,8.4,-20.1,1.3,66.775,19.75,13.75,2.25,3.75,0.5,0,0,1.25,0.5,0.75,2.5,1.75,55.75,306.5,5.55,62.075,24.5,11.5,2.5,10.5,1.75,1.25,58.35,1.75,0.5,1.75,2.5,1.25,72,389.75,5.4,79.3575,32.25,20,1.25,1.25,214,6.625,10.65,5.75,59.25,32.9,100.75,2.25,4.5,3.25,1.75,22.75,38.25,1.25,175.75,4.55,0.5,0,7.75,9,2,5.25,4,0.75,14.25,7.5,52.05,2075.25,34.25,20.25,1.5,5.5,2.75,-1,105.9175,32.5,21.5,0.25,2.25,233.5,7.225,10.725,6.25,50,32.6,141.25,3.25,4.75,3.5,2.25,37.25,20.75,0.5,73,3.5,0,0,6,7.5,6.25,3.25,2.75,1.75,11,5.25,47.5,1524.75,24.75,39.75,2.5,16.25,2.75,1,-6.4,18.1,4.7,10,42,,
68.325,24,16.25,1.5,6.25,0.5,0.25,12.5,1.25,1,2.5,1.25,1.25,65.75,444,6.725,65.025,21.75,12,1.5,8.25,0.5,0.5,50,1.5,1.25,1.75,2.25,2,67.5,429.75,6.2,95.3925,33,21.5,0.5,0.75,276.25,8.825,13.525,6.75,58,45.05,166.25,3.75,5,4,2.75,33.5,33.75,2.25,153.5,4.475,0,0,5.75,7.75,4.25,10.5,2.5,2.5,13.25,5.75,43.425,1854.25,30.25,39.25,0.75,6.5,3.25,0.75,100.06,39,26,1.5,2.5,322.25,8.6,12.25,6.75,63,47.15,189.25,4,2.25,2.25,2,30.25,25.5,1.25,121.75,4.9,0,0.75,7.75,7.75,12.25,4.25,3.25,1.75,12.25,6.75,54.725,1771.5,29.25,16.5,1.25,9.5,4.25,-0.75,12.7,22.1,9.3,67,24.25,13,3.25,8,1.25,0.5,16.675,1,0.75,2,2.75,2.5,68.5,351.5,5.05,58.675,19.5,12,2.75,4.75,0.5,0.25,12.5,1,0.5,2.25,1.5,1.25,59.5,355.75,5.975,74.81,32.25,19,1.75,1,254.5,7.825,13.075,7.75,71,48.675,177.75,3.75,3.25,3,1.5,37,25,1.25,101.25,4.2,0,0,6,1.75,7.5,7.5,3.5,2,12,4.5,33.6,1706,28,26,2.25,12.75,2.5,-0.25,92.665,34.75,23.25,1.25,2.25,231.25,6.7,9.825,6,48,42.3,190.5,4.5,5,5,3,35,32.25,1,120.25,3.525,0,0,1.75,11.25,4.25,8.5,3.75,2.25,13.25,6,43.8,1894,31,34,1.5,12.25,3.25,0.25,-8.8,3.2,-2.3,20,30,,
65.3,24.75,12.5,3.25,9,1,0.5,37.5,0.5,0.25,0.75,2.25,1.25,68.75,393.5,5.8,65.025,18,12.25,1.5,4.25,0,0,0,1.25,0.75,1,1.25,0.5,59.5,342.75,5.775,94.795,33.5,21.5,0.25,0.75,258.75,8.025,12.125,8,68.25,44.275,177,4,3,2.75,0.75,17,24.75,0.5,84,3.55,0,0,3.25,4.75,5,2,3.75,0.75,13,6.25,47.7,1710.75,28,30.75,1.25,10.25,1.25,-0.25,99.0575,38.25,24.25,0.5,1.75,259.75,7.125,10.9,4,34,46.725,117.5,2.5,3,4.25,1.75,20,29.75,1,133.75,4.5,0,0,2.5,7.75,7,8.5,3,1,13.5,6.75,49.75,1889.25,31,29.25,0.75,4,2.75,0.25,-10.2,10.8,1.6,68.05,26.75,19.25,2.25,5.25,1.5,0.75,37.5,0.75,0.25,1.25,3,2.5,74.5,444,5.925,56.5,20.5,11.25,2.5,6.75,0,0,0,1.25,0.5,1.75,3,2.25,59,356,6.025,81.115,33,18.75,1.25,1.75,251.25,7.525,13.375,6.5,60.75,47.8,236.5,5,4.75,3.5,2.25,17.75,24,1,104.75,4.55,0,0,1.5,8.5,6,7.75,4.25,1.25,11.25,4.25,35.7,1451.25,23.5,41.25,2,11.25,2.75,-0.5,107.2025,42.75,29.25,1,3.25,326,7.6,11,8,62.25,50.125,173.75,3.5,4.75,5,3.25,35.75,30.5,0.5,118,3.975,0,0,7.75,10.75,5,10.5,3.5,1.75,13.25,5.75,42.8,2148.75,35.5,18.75,1.25,5.25,4,0.5,3.1,3.5,3.7,13,20,,
59.85,15.75,9.75,1.25,4.75,0.5,0,0,0.75,0,0.75,1.25,0.75,62.25,320.75,5.2,68.075,22.75,14.75,4.25,3.75,1,0.25,6.25,1,0.75,2,0.75,0.5,67.25,338.5,5.05,90.4125,40,27,1.25,1.5,266.5,7.1,10.325,5.25,49.25,41.025,226,5.5,6,2.5,1.25,29.75,25,0,72,3.1,0.25,0,3.5,3.25,9.25,2.75,3.5,0.75,13.75,5,36.775,1927.25,31.5,37.25,2.25,12,1.75,-1.25,81.92,33,19,0.75,1.25,198.5,6.375,10.6,8.5,72.25,41.9,247,5.75,5.25,3.75,1.25,29.75,27.75,0.25,122.25,4.35,0,0.75,3.25,6.5,5.25,4,6,2,14.25,5,35.175,1751.25,28.75,26.25,1.5,11,1.75,1.25,-13.8,-17.4,8,65.075,19.75,14.25,1,4.5,0.5,0.25,12.5,1.25,0.75,1.5,1.75,1,68,363.25,5.375,57.5,16.75,9.75,2.5,4.5,1,0.5,16.675,0.75,0.5,1.25,1,1,58,267.25,4.575,75.47,31.75,18.25,0.75,1,186.5,5.85,10.15,4.75,33,44.925,248.75,5.5,6,2.5,1.5,23.25,23.75,0.75,80.75,3.35,0,0,2.5,3.25,3.5,6.25,4.25,1.5,12.5,4.25,33.7,1502.25,24.5,32.25,2.5,17.25,1.75,0.25,92.075,37,23.75,0.75,1.25,276,7.75,11.75,6,47.75,51.025,188,3.75,5.75,2.5,1.5,51,28.25,1,87.25,3.175,0.25,0,6,4.75,5,5.5,6,1.25,15.75,8.25,51.95,2097.75,34.5,27.75,2.75,18,2.5,-0.25,-22.6,-3.9,-9.5,17,14,,
65.8,24.5,13.5,4,7,0.75,0.5,16.675,1.5,0.5,1.5,1.5,1,65.25,349,5.225,68.4,19,13,1.5,4.5,1,0.5,25,1.75,0.5,2,2.5,1.75,60,373.25,6.35,91.6625,31.75,21.25,1.5,1.75,250.25,8.05,11.65,10,93.5,36.325,103.5,2.25,4.25,5,2.25,56.75,26,0.75,123,4.525,0,0.75,6.75,10.25,4,3.25,3.75,1.5,12,5.25,44.275,1798.25,29.25,43.25,2.25,9.5,2.5,-0.5,94.705,39,25.75,1,2.5,242.25,6.175,9.325,7.25,60.5,30.575,152.75,3.75,3.75,3.5,2.5,28,24.25,0,106.75,4.025,0,0,7,5,4.25,6.75,3.75,2,11.75,5.5,46.325,1880.25,31,20.25,2,11.5,2.75,0.5,-4.1,2.2,-5.5,66.2,19.75,14.5,2,3.25,0.5,0.5,50,1.5,0.75,0.75,1,0.75,61.5,327.75,5.375,65.85,21.75,13,2.25,6.5,0.75,0.5,37.5,1.5,0.75,1.5,1.75,1.5,62.75,373.75,5.95,96.8525,36,23.25,0.75,2,233,6.675,10.075,5.75,44.75,43.9,157.5,3.5,6,2.5,2,35.75,24.75,0.75,140.75,5.475,0,0,0.75,6.75,7,9.5,5.75,0.75,12.75,6.25,48.55,1808,29.5,38,2,16.25,3,-0.75,100.99,35.75,23.75,0,1.5,256.75,7.175,10.9,6,66,48.2,238.75,5,4.75,2.5,0.75,14,23.25,0.25,71,3.2,0,0,0.75,5.75,3.25,8.5,3.75,1.5,13.5,5.75,41.25,1792,29.5,22,2.5,20.5,1.75,0.75,10.1,1,1.2,24,31,,
65.2666666667,21.6666666667,12,2.3333333333,7.3333333333,0.6666666667,0.6666666667,33.3333333333,0.3333333333,0,0,2.3333333333,2,63.6666666667,362.6666666667,5.8,65.8,24.3333333333,13.3333333333,1.6666666667,9.3333333333,0.6666666667,0.3333333333,33.3333333333,0.6666666667,0.3333333333,1.3333333333,2.3333333333,1.6666666667,66.6666666667,421.3333333333,6.3333333333,89.17,35.3333333333,23.3333333333,1,1.3333333333,267.6666666667,7.6666666667,11.6,7,55.6666666667,45.2,206.6666666667,4.6666666667,4.3333333333,4,2,14.6666666667,29.3333333333,1.3333333333,153.6666666667,5.2333333333,0,0,4.3333333333,11.3333333333,4.6666666667,5.3333333333,5.3333333333,0,12.3333333333,5,40.1333333333,1904,31,44,2,13.6666666667,2.6666666667,-1.3333333333,99.0666666667,32.3333333333,20.6666666667,0,1,230.6666666667,7.6333333333,11.3666666667,8,59.6666666667,43.8333333333,234,5.3333333333,4.3333333333,4.3333333333,2.6666666667,27,29.6666666667,1.6666666667,132,4.4333333333,0,0,6.6666666667,2,11.6666666667,4.3333333333,4.6666666667,1.3333333333,12.6666666667,4.6666666667,35.8333333333,1696,28,16,1.6666666667,10.6666666667,3,1.3333333333,17.9,21.2,-1.1,54.9,18.75,10.75,2,6,0.75,0.25,12.5,1.5,0.25,1.75,1.25,1,58.75,326.5,5.625,63.975,24.25,13,3.25,8,0.75,0.25,12.5,0.25,0.25,1.5,2,2,67.75,352.75,5.15,84.4825,32.75,21,1.25,1.75,225.75,6.725,10.4,6.25,47,47.2,199.5,4.25,5.75,4,2.75,24,33,1.25,127,3.825,0.25,0,6.75,7.75,7,6,2.75,1.75,12.75,5,36.95,2018,33.25,23,2,13,3,0.25,65.365,32.25,17.75,1.5,1,207,6.425,11.725,8.5,76.75,43.775,233.75,5.25,3.25,2.5,1.25,5.75,23.75,0.5,119.5,5.3,0,0,0,5,6.75,3.25,4.5,1.5,11.75,3,22.9,1582,25.75,37,2.75,12.75,1.5,-0.25,7.1,-8.4,-6.1,29,28,,
66.225,18.75,11,2.75,5,0.5,0.25,12.5,1.5,0.5,1.75,1,0.75,61.5,338.75,5.5,66.35,21.25,12.25,1.75,7.25,1,0.5,25,2.25,1.25,2.25,1.75,1.5,65.5,367.75,5.65,86.1425,37.75,24.5,1,1.25,237.5,6.475,9.825,6,41.25,41.675,234.5,5.5,4.75,3.5,1.5,16.25,26.25,0.75,130.25,5.1,0,0,0,7.5,0.75,8.5,4.25,1.75,12.25,3.5,27.925,1709,28,29,1.5,9.75,2,-0.5,93.1625,28.25,18.5,1.25,1.25,224,7.95,12.2,6.5,65,45.925,215.25,4.75,8.5,2.5,1,60,32,0.5,114.75,3.475,0,0,3.5,6,7.5,4.75,4,2.25,13.75,5.75,40.6,1891,31,31,1.25,4,2.25,0.5,-2.8,-9.4,-3,70.475,23.75,12,2.75,9,0.25,0.25,25,1.75,0.75,1.75,1.25,1,64,383.75,6.05,66.65,19.5,13,1.25,5.25,1.25,0.5,25,1,0.75,2,1.25,1,58.5,379,6.475,95.4425,35.75,24,1.25,2,271.25,7.625,11.55,6.75,62.25,39.075,128.75,3,3,2.75,1.5,33.75,21.5,0.25,107.75,5.6,0,0,7,5.25,3.25,6,5.75,1.75,11.25,5.25,44.95,1582.5,25.75,37.5,1.25,4.25,2.75,-0.25,100.135,29.5,20.5,1,1.75,218.75,7.55,10.65,5.75,40.5,47,142.25,3,4.75,3.5,2.25,10.75,32.5,1.25,165,5.05,0,0,3.25,10,7.75,7.75,1.75,2,12.25,6.75,54.725,2017.5,33.25,22.5,2,15.25,3.25,0.25,7.4,11.1,2.1,17,20,,
68.65,23,13.5,2.25,7.25,0.75,0.75,75,1.25,0.75,1.25,2,1.25,65.5,408.75,6.225,63.3,22.25,11.75,3.5,7,0.75,0.5,50,0.75,0.5,0.75,2.75,1.75,61.75,352.75,5.775,96.4425,36,22.5,0.25,1.75,241.5,6.625,10.75,7,61.25,46.925,185,4,3.75,4,2,19.75,24,0.75,111.25,4.475,0,0,5.75,0.75,7.75,10.5,5,1.25,12,4.5,36.75,1706.75,28,26.75,1.75,15.5,2.5,0.5,98.36,35.75,24.5,0.5,1.5,265,7.4,10.775,11,96.75,43.125,182.75,4.25,3.75,3,1.5,25.75,26.75,0.75,143.75,5.225,0,0,5.75,8.25,6,4.25,4.5,0.75,12.25,4.75,38.375,1893.25,31,33.25,3,18.5,2.5,-0.5,6.3,10.9,1.8,60.575,16.25,10,2,4.25,1,0,0,0.75,0.75,2,0.75,0.75,59.75,279.25,4.65,69.45,25.5,17,2,6.5,1,0.5,37.5,0.75,0.5,0.75,2,1.5,74.5,451.25,6.1,113.04,40.75,28.25,0.25,2.75,320.75,7.925,11.325,8,62.75,45.9,165.5,3.75,8.5,4.5,2,56,30.75,1,130.5,4.025,0,0,5,12,6.75,14.25,6.75,2,15.75,7.75,49.575,2044,33.75,19,3,23.5,4.25,1.25,75.8375,34.75,21.25,1.25,1.5,209.5,6,10.075,4.5,36.5,49.2,274.75,5.75,4.75,1.25,0.75,9.25,20,0.25,69.75,3.425,0,0,3.5,6,0.75,4.25,6.5,0.75,12.75,4.5,35.425,1556,25.25,41,5,32.5,1.75,-1.25,12.8,-35.5,-1,17,9,,
71.3333333333,20.3333333333,14,0.6666666667,5.6666666667,0.6666666667,0.3333333333,16.6666666667,2.3333333333,0.6666666667,2,1,1,65,368.3333333333,5.6,74.1666666667,18.3333333333,9,3,6.3333333333,0,0,0,1,0.3333333333,1,1.6666666667,1.3333333333,53.3333333333,339.3333333333,6.3666666667,103.13,23,17,0.6666666667,1.3333333333,184,8.0333333333,10.8,4.6666666667,35,37.8,123,3,6,3.6666666667,2,29,29.6666666667,1.3333333333,155.3333333333,5.2,0,0,3.3333333333,6.6666666667,8,10.3333333333,4.3333333333,2,9.6666666667,4,42.4333333333,1667.3333333333,27.3333333333,27.3333333333,0.6666666667,4.6666666667,3.3333333333,1,85.9633333333,35.6666666667,25.3333333333,1.3333333333,1,264.3333333333,7.4,10.3666666667,8.6666666667,101.6666666667,39.8333333333,133.6666666667,3,3,2.6666666667,1,11,27,0.3333333333,104,3.8,0,0,4.6666666667,5.6666666667,2,6.3333333333,5.3333333333,1,12.6666666667,5.6666666667,45.2,1932.6666666667,31.6666666667,32.6666666667,2.3333333333,14,1.6666666667,-1,12.9,-7.8,-5.1,58.075,20.25,12.75,2.5,5,0.75,0.25,25,1.5,1.25,2.25,2,1,67.75,367.5,5.375,58.45,22.5,13.5,3.25,5.75,0.75,0.25,25,1,0.5,1.25,1.25,1.25,73.75,391.25,5.275,91.0425,38.75,22.75,0.75,2.5,257.5,6.475,11,7.75,84,49.4,249.5,5.25,3.75,3,1.75,30.5,33.25,0.25,133.75,3.8,0,0,9.5,7.25,5,4.25,5.75,2.25,15,5.5,35.75,2138.5,35.25,23.5,1.75,13.25,2.75,1,80.775,41.75,24.25,1,1.5,280.5,6.775,11.675,9,70,44.45,221.25,5,3.5,3.25,1.25,71,24.5,0.75,87,3.225,0,0,4.25,7.75,8.5,10,4.5,1.25,13.75,5.5,39.675,1461.5,23.75,36.5,1.5,12.75,3.5,-1,-1,-5.5,10.2,28,34,,
62.25,16.5,8.75,2,5.75,0.5,0.25,25,2.25,1.25,2.5,2,1.5,57,290.75,5.125,76.35,23,15.75,1.25,6,0.5,0.5,50,2.25,1.25,1.5,1.75,1.5,66.5,387.75,5.825,115.4125,33,25,0.25,2,272.5,8.45,10.925,7.25,73.75,43.75,153,3.5,5.75,3.25,1.75,41.5,31.25,1,115.25,3.65,0,0,9.5,8.5,7.75,4,5,2.5,12.75,6.25,50.275,2012.75,33.25,17.75,2.25,14,3.5,1,73.565,33.75,20.25,1.25,1.25,194.25,5.95,9.75,6.75,51.25,37.55,171.75,4.25,4,3.25,2,29.25,21.25,0.75,96.5,4.5,0,0,4.25,0,3.5,10.25,6,1.5,11.5,5,44.225,1587.25,25.75,42.25,2,16.5,2.25,-1,7.8,-26.3,-6,71.575,25.75,16,2,7.75,0.5,0.25,12.5,1.25,1,1.75,2,2,66.5,425.75,6.425,65.8,22,14.25,1.25,6.5,0.5,0.5,25,0.75,0.25,0.25,1.5,1.25,65,396,6.025,104.975,35.75,23.5,0,1.75,272.5,7.575,11.375,6.25,55,45.15,178,4,3.5,3,2,20.75,28,1,123.5,4.275,0,0.75,4.25,9.75,7.75,5,2.75,1.75,14,6.75,48.85,1810,29.75,25,1.25,6.75,3,1.5,99.545,40.25,28.75,0.75,1.75,294.5,7.325,10.225,3.75,29,45,144.25,3.25,4,4,2.75,-2,25,1.25,131.25,5.7,0,0,4.75,6,2.5,10.5,3.75,0.25,12.25,7,56.125,1815.75,29.75,30.75,1.25,6.25,3,-1.5,22.3,11.6,0.1,31,37,,
56.3666666667,22.3333333333,11.6666666667,5.6666666667,5,0.3333333333,0.3333333333,33.3333333333,1,1,1,1.3333333333,0.6666666667,62.3333333333,335.6666666667,5.3666666667,67.8,19.6666666667,13,2,4.6666666667,1,0.3333333333,33.3333333333,1,0.6666666667,1.6666666667,1.3333333333,1.3333333333,63.3333333333,316.3333333333,4.9666666667,86.44,37.3333333333,25.3333333333,1,1.3333333333,244.6666666667,6.5666666667,9.8,8,74.6666666667,42.3333333333,195.6666666667,4.6666666667,5.6666666667,2.6666666667,1.6666666667,5.6666666667,25,0.6666666667,71.6666666667,2.8666666667,0,0,2.3333333333,5.6666666667,7,0,3,1,13.3333333333,6,45.4,1860,30.6666666667,20,1,8.6666666667,2,-0.6666666667,89.79,33.3333333333,19,0,1.3333333333,230,6.7666666667,11.9,5.6666666667,43.3333333333,44.5333333333,143.6666666667,3.3333333333,2.6666666667,3.6666666667,1.3333333333,33,27,0.3333333333,105.6666666667,3.9,0,0,4.3333333333,3,4.6666666667,10,5.3333333333,1.6666666667,13,6.3333333333,48.7333333333,1740,28.3333333333,40,2,11.6666666667,2,0.6666666667,-6.7,-8.2,1.9,68.4,21,15,1.6666666667,4.3333333333,0.3333333333,0.3333333333,33.3333333333,1,0.3333333333,0.6666666667,3,2,61.6666666667,339.3333333333,5.6666666667,66.4333333333,26,18,2.6666666667,5.3333333333,1.6666666667,0.6666666667,16.6666666667,0.6666666667,0,1,3.6666666667,2,73.3333333333,390.6666666667,5.3333333333,86.36,43.3333333333,28.6666666667,1,1.3333333333,285.3333333333,6.6333333333,9.9333333333,7.6666666667,47,46.6666666667,193.3333333333,4,4,4,2,38,27.3333333333,1.3333333333,105.3333333333,3.9,0,2,2,9.3333333333,1,8,3.6666666667,0.6666666667,15.3333333333,7.3333333333,46.9333333333,2038,33.6666666667,18,2.6666666667,14.6666666667,2.6666666667,-0.3333333333,112.9833333333,37,24.6666666667,0.3333333333,2.6666666667,264,7.4333333333,10.8666666667,7.3333333333,56,46,248,5.3333333333,5,3.3333333333,2.3333333333,17.3333333333,23.6666666667,0.3333333333,75.3333333333,3.2,0.3333333333,0,4.3333333333,11.6666666667,0,9,5.3333333333,1,12.6666666667,5.3333333333,41.6666666667,1677.3333333333,27.3333333333,37.3333333333,1,7.3333333333,3,0.3333333333,-15.6,26.3,-0.6,20,41,,
67.275,23,14.5,2.25,6.25,1,0.5,37.5,1.25,0.5,1.25,2.75,2,67,352.5,5.25,65.75,18.5,13.5,0.75,4.25,0.75,0.25,25,1,0.25,0.75,1.25,1,59.25,338,5.85,100.6525,33,21,0.5,2,221.5,7.025,10.55,8,69,47.55,264,5.5,4.5,2.75,1.75,7.75,23.25,0,116.5,5.15,0.25,0,1.75,6.75,7.25,4,4.75,1.25,12,4,32.55,1670.25,27.25,35.25,3,14,2,0.5,98.99,32,21,0.75,1.75,207.25,6.7,9.875,4.5,36.25,44.65,182,4,4.25,3.75,2.5,52.5,31.75,1.25,145.25,4.45,0,0,2.5,8.5,4.25,10.25,3.25,0.75,14,7,47.9,1929.75,31.75,24.75,3.25,15.5,3.25,-0.5,1,4.3,1.6,66.625,19.5,11.75,2,5.75,0.75,0.5,37.5,0.5,0.25,1.25,1.5,1.5,64.25,350.5,5.5,58.625,20,11.5,4.25,4.25,1,0.5,50,1.75,1,2.25,1.75,0.75,58,287.25,4.9,79.4075,37,21.5,1.25,1.75,217.5,5.95,10.25,8.75,59,47.425,170.75,3.75,4.25,3.25,1.75,46.75,19.75,0.25,69.75,3.275,0,0,3.25,6,5.25,7.75,4.75,1.25,11,5.25,47.225,1544,25.25,29,1.25,9,2.75,-1,91.245,31,20.75,1,1.5,212.25,6.95,10.55,11.5,96.25,45.625,161.5,3.75,3.75,3.5,1.75,40.25,30.75,0.75,138.25,4.375,0,0,10.25,7.75,3.25,0.75,3.75,2.25,14.25,7,50.1,2056,33.75,31,2.5,15.75,2.5,1,-9.9,0.5,-6.3,17,22,,
60.325,19.25,10.75,1.5,7,1.25,0.75,29.175,2.25,0.75,2,1,0.5,67.5,366,5.45,63.275,17.5,11.75,1.75,4,0,0,0,1.25,0.5,0.5,1.25,1,61.25,291.25,4.625,101.0225,36.5,23,0,2.25,228,6.2,9.725,5.25,45.75,46.85,279.25,6,4.75,2.5,1.75,36.5,21.25,0.25,63.25,2.875,0,0,6.75,7.5,5.5,4.25,4.5,2,14,5.75,40.425,1766.25,29,26.25,3.5,25.75,2.75,1.5,73,34.25,20.5,1.25,1,215,6.25,10.55,7.5,74.25,47.7,227.25,4.75,7.25,3.5,1.25,9,31,1,151,4.85,0,0,5.75,6,4,4,4.25,0.5,14.75,6.5,43.875,1833.75,30,33.75,2.25,15.5,2,-1.5,1.7,-24.9,2.9,70.1,20,13.25,2.25,4.5,0.25,0,0,1.25,0,0.25,1.75,1.25,64.75,352.5,5.45,67.2,18.75,11,2.5,5.25,1.25,0,0,1.5,1,1.5,1,1,58.75,325.5,5.7,95.4675,34.75,23.25,0.5,1.5,228.25,6.625,9.95,6.75,52.25,49.5,192.25,4,4.25,2.25,1.75,3,21.5,0.5,97.25,4.975,0,0,1.75,7.5,3.5,3,6.5,0.25,12.25,6,47.725,1628.5,26.5,38.5,2.5,21,2,-1.25,114.6125,34.25,24,0.25,2.25,282.5,8.375,11.925,6.25,50.25,42.95,195.25,4.5,3.75,3.5,1.5,10,29.5,0.25,70,2.325,0.25,0,3.25,10,9.5,2.75,4.25,1.5,15.25,7.5,48.375,1971.5,32.5,21.5,1,6.25,2.5,1.25,-5.6,9,1,0,31,,
65.9666666667,20.6666666667,10.3333333333,2,8.3333333333,0.3333333333,0,0,0,0,0.3333333333,2,1.6666666667,63.3333333333,384,6,53.6666666667,22.3333333333,11.3333333333,2.6666666667,8.3333333333,2,1,50,1.3333333333,0.3333333333,2.3333333333,0.3333333333,0.3333333333,71.3333333333,351.6666666667,4.9333333333,52.5333333333,46.6666666667,25.3333333333,2,0.6666666667,239.3333333333,5.1,9.5333333333,7,61.3333333333,40.5666666667,192,4.6666666667,0.3333333333,2,1,2.6666666667,22.3333333333,0.6666666667,112.3333333333,5,0,0,1,0,2.3333333333,7.6666666667,2.3333333333,0.3333333333,13.6666666667,4.3333333333,29.6,1755.6666666667,29,15.6666666667,2.3333333333,14.3333333333,1.3333333333,-2,101.7133333333,29.3333333333,19.3333333333,0.3333333333,1,262.3333333333,9.2,13.9,6,50,43.2666666667,173,4,7,3.3333333333,2,37.6666666667,34,1.6666666667,121.6666666667,3.5,0.3333333333,0,6.3333333333,8.3333333333,7,5,3,2.3333333333,12.3333333333,4.3333333333,34.9333333333,1844.3333333333,30,44.3333333333,0,0,2.6666666667,2,-7.2,14.4,-2.1,62.9,17.5,11.25,1.5,4.75,1.5,0.5,12.5,1.75,0.75,1.25,1.5,1,65,298.5,4.725,61.925,20.5,10.75,3,6.75,0.25,0,0,1,0.5,2,2.25,1.5,63.5,315.25,4.925,79.62,32,19.5,1.5,1.5,185.5,6,9.525,5.25,42,45.95,181,4,4.25,3.75,1.75,36.25,29.25,0.5,129.75,4.05,0,0,6,3.25,7.25,6,3.5,1.25,12.25,5.75,46.75,1856.25,30.5,26.25,2.25,15,2.25,-0.75,85.2325,36.25,22,0.5,1.25,201,5.925,9.325,8.25,88,44.8,246.25,5.5,3.75,2.75,1.5,39.75,26.25,0.5,97.5,3.9,0,0,5,8.5,2.5,4,3.25,2,14.5,5.25,34.325,1743.75,28.5,33.75,2.5,14.25,2,0.75,-6.5,-5.4,5.6,17,43,,
69.1,21.6666666667,11,2.3333333333,8.3333333333,0.6666666667,0.3333333333,33.3333333333,1.3333333333,0.6666666667,1,2.3333333333,1.6666666667,60.3333333333,356.6666666667,6.1,69.5666666667,21.6666666667,16,1.6666666667,4,0.3333333333,0,0,1.6666666667,0.3333333333,1,2.6666666667,1.6666666667,67.3333333333,321.3333333333,4.7333333333,96.02,39.6666666667,27.3333333333,0.6666666667,2,249,6.2666666667,9,6,48.3333333333,42.2333333333,218.3333333333,5,2.3333333333,3,2,11.3333333333,26,0.3333333333,72.3333333333,2.7666666667,0.3333333333,0,4.3333333333,6.6666666667,2.3333333333,8.6666666667,3.3333333333,1,15,7.3333333333,48.7666666667,1932.3333333333,31.6666666667,32.3333333333,1.6666666667,9.6666666667,2.3333333333,0,108.4633333333,29.3333333333,20.3333333333,0.3333333333,2,208.6666666667,7.1,10.3,6.3333333333,52,45.4666666667,193.3333333333,4,5.3333333333,3.6666666667,2.3333333333,37.3333333333,29,1.3333333333,148,5.8,0.3333333333,2,4.3333333333,11.6666666667,4,5.6666666667,5.6666666667,1,12,4.6666666667,38.3666666667,1783,29.3333333333,23,2,14,3.3333333333,0,-12,23.8,2.6,66.3,24,14,2.75,7.25,1,0.25,12.5,1.5,1,2.25,2.5,2,68,415.25,6.1,63.025,19.25,11.25,3.25,4.75,0.25,0,0,1,0.5,1,1.75,1.5,62.5,323,5.025,99.5075,32.75,21,0.5,2.25,236,7.2,11.325,7,56.25,45.275,265.75,5.75,5.25,3.75,2,41.75,26.75,0.5,87,3.05,0,0,3.5,13,3.25,7.5,3.25,2.25,13.5,6.25,44.575,1688.5,27.75,23.5,3,20,3.25,1.25,88.62,38.5,25.5,1.25,1.5,292.25,7.5,11.525,9.75,96.75,51.425,212,4.25,6.25,3.25,2.25,32.25,27.5,1.5,123,4.575,0,0,5.25,8.25,4.25,6,4.75,1,12.25,4.5,33.425,1911.5,31.25,36.5,2,17.5,3,-1.25,1.1,2.9,-10,27,17,,
