80,19,14,2,3
57.14,12,8,1,3
59.09,15,9,0,6
51.28,14,11,2,1
57.89,19,12,0,7
55.88,17,11,2,4
58.06,17,8,0,9
67.39,23,15,2,6
66.67,19,15,0,4
55.56,19,8,2,9
66.67,22,18,0,4
40,19,10,4,5
46.88,8,4,1,3
65.625,14.5,7,1.5,6
66.565,21.5,15.5,2.5,3.5
65,15.5,9,0,6.5
55.76,15,6,1.5,7.5
47.685,11,4.5,1,5.5
71.545,21.5,11.5,2.5,7.5
74.03,25,13.5,2.5,9
46.62,13.5,8.5,1.5,3.5
53.53,15,9.5,0,5.5
60,17,9,1,7
56.76,15,9,1,5
48.16,12.5,4.5,2,6
73.53,19,13,3,3
60.44,17,10,0.5,6.5
61.425,17.5,11,2.5,4
61.6466666667,14,10,0,4
61.035,15.5,10.5,1,4
62.0833333333,16,8.3333333333,1,6.6666666667
44.0133333333,11,4.3333333333,2,4.6666666667
69.0633333333,21.6666666667,14,1.6666666667,6
57.3333333333,15.3333333333,9,1.3333333333,5
57.7466666667,18.6666666667,12,1,5.6666666667
63.6433333333,21,14.3333333333,1,5.6666666667
58.3133333333,16.6666666667,10.3333333333,1.3333333333,5
54.4,15.6666666667,7.6666666667,1,7
59.75,20.3333333333,10.6666666667,1.3333333333,8.3333333333
49.165,16,8.5,2.5,5
50.04,9,4.6666666667,1,3.3333333333
70.8866666667,23,16,1,6
59.7,18,10.6666666667,2.6666666667,4.6666666667
59.5475,20.5,12.25,2.5,5.75
58.49,16.25,8.5,1.25,6.5
62.475,20,10.75,1.25,8
60.0433333333,15.3333333333,10,1.6666666667,3.6666666667
57.4525,16,8.5,0.5,7
53.95,19,10.3333333333,2.3333333333,6.3333333333
54.105,17.75,10.75,1.25,5.75
66.785,18.75,11,1.75,6
62.48,16.6666666667,6.6666666667,1,9
56.3,19,10.25,1,7.75
63.93,19,9.75,0.5,8.75
70.5533333333,17,10.6666666667,1.6666666667,4.6666666667
48.015,9,4.25,1.25,3.5
59.76,18.25,11,2.5,4.75
63.758,18,9.8,1.8,6.4
57.96,20.8,11.6,2.4,6.8
60.098,14.4,10.4,1,3
65.0425,14.75,8.5,1,5.25
63.314,20,11.2,2,6.8
68.748,20.6,13.8,1.6,5.2
56.844,18.2,11.2,1,6
57.21,18.4,11,2.2,5.2
61.86,16.5,7,0.75,8.75
70.382,22.2,15.6,1.4,5.2
54.77,15.5,8.5,1.5,5.5
61.7625,17.5,10.5,1,6
66.864,24.8,14.4,2.2,8.2
59.43,18,10.4,2.2,5.4
63.142,18.4,11.2,2.4,4.8
56.01,17,9.5,1.1666666667,6.3333333333
57.478,15.6,9.6,1.2,4.8
59.676,16.6,9.2,0.6,6.8
66.5533333333,20.8333333333,13,1.3333333333,6.5
61.1666666667,18.5,11.1666666667,2,5.3333333333
51.164,18.8,10.2,1.8,6.8
55.5316666667,17.1666666667,10.3333333333,1,5.8333333333
59.675,17.3333333333,9,2,6.3333333333
64.678,18.6,11.4,1.4,5.8
64.314,20.6,11,0.6,9
52.704,16,8.8,1.8,5.4
60.57,21.1428571429,12.2857142857,2.1428571429,6.7142857143
57.7642857143,14,9.4285714286,0.8571428571,3.7142857143
57.5116666667,15,8.3333333333,1.6666666667,5
48.09,14.6666666667,5.3333333333,2.1666666667,7.1666666667
62.0666666667,18.1666666667,12.3333333333,1.6666666667,4.1666666667
66.275,23.5,13.5,2,8
59.16,16.1666666667,10,1.5,4.6666666667
54.73,19.4285714286,12.4285714286,1.4285714286,5.5714285714
61.5857142857,18.8571428571,10.8571428571,2.4285714286,5.5714285714
59.9728571429,17.2857142857,9,1.8571428571,6.4285714286
58.1966666667,15.6666666667,9.1666666667,1.1666666667,5.3333333333
56.4233333333,17.6666666667,8.5,2.6666666667,6.5
65.1816666667,19.6666666667,12.5,1.6666666667,5.5
63.33,19.5714285714,11,1.7142857143,6.8571428571
61.9857142857,18.2857142857,11.1428571429,2,5.1428571429
56.225,13.75,9.125,0.875,3.75
57.0028571429,17.5714285714,9.5714285714,1.2857142857,6.7142857143
49.0542857143,15,6.2857142857,2.1428571429,6.5714285714
66.1428571429,18.4285714286,12.4285714286,1.2857142857,4.7142857143
54.62,19.625,11.75,1.25,6.625
61.4885714286,16.4285714286,9.7142857143,0.5714285714,6.1428571429
64.7385714286,19.4285714286,11.8571428571,1.5714285714,6
51.6742857143,17.4285714286,9.5714285714,1.7142857143,6.1428571429
58.165,18.375,11.875,1,5.5
66.0428571429,20.2857142857,11.2857142857,1.7142857143,7.2857142857
61.42,18.2857142857,8.7142857143,1,8.5714285714
58.22625,19.625,11.75,1.625,6.25
64.4414285714,19,12.1428571429,1.8571428571,5
60.95375,19.75,11.625,2,6.125
58.55625,15.625,8.5,1.625,5.5
65.13625,19.375,11.875,1.625,5.875
57.56125,14.625,8.5,1.5,4.625
58.1125,17.5,11.125,2,4.375
65.1525,22.125,12.75,1.875,7.5
60.38625,17.25,10.375,1.625,5.25
60.3544444444,17.2222222222,9.1111111111,1.4444444444,6.6666666667
59.035,17.5,9.5,1.25,6.75
56.0577777778,18.4444444444,10.8888888889,1.5555555556,6
56.30375,18,8.75,2,7.25
66.25375,21.375,12.125,1.125,8.125
69.375,22.25,14.75,1.125,6.375
57.3625,17.75,10.25,1.625,5.875
53.68875,12.5,6.5,0.875,5.125
58.6466666667,18.5555555556,11.4444444444,1.1111111111,6
61.495,19.2,11.2,1.6,6.4
64.1722222222,17.7777777778,12.2222222222,1.1111111111,4.4444444444
58.9233333333,18,12,1.5555555556,4.4444444444
58.4944444444,16.6666666667,9.6666666667,1.5555555556,5.4444444444
59.704,18.9,11.5,1.7,5.7
64.1211111111,18.6666666667,11.6666666667,1.6666666667,5.3333333333
57.05,17.5555555556,10.3333333333,1.2222222222,6
61.5288888889,16,9.6666666667,0.4444444444,5.8888888889
56.3933333333,19,10.8888888889,1.6666666667,6.4444444444
65.6944444444,20.3333333333,12.1111111111,1.5555555556,6.6666666667
61.0922222222,18.6666666667,9,0.8888888889,8.7777777778
57.7777777778,17.7777777778,8.5555555556,1.7777777778,7.4444444444
65.8877777778,21.8888888889,13,1.2222222222,7.6666666667
53.4577777778,13.1111111111,6.8888888889,1,5.2222222222
64.1188888889,19.4444444444,12.8888888889,1.7777777778,4.7777777778
57.784,16.4,8.5,1.4,6.5
59.16,18,12,1.5,4.5
61.081,18.9,11.6,2.5,4.8
56.2090909091,13.2727272727,8.5454545455,1,3.7272727273
50.085,14.7,6.5,1.9,6.3
61.2336363636,19.1818181818,11,1.6363636364,6.5454545455
56.655,18.9,11.8,2.4,4.7
64.629,22.5,13.4,1.8,7.3
63.811,19.1,12.1,1.5,5.5
64.8836363636,18.8181818182,10.3636363636,2.1818181818,6.2727272727
56.7236363636,18,10.4545454545,1.4545454545,6.0909090909
67.515,22.3,15.1,1.1,6.1
63.883,19.3,12.6,1.7,5
58.506,17.6,10.5,1.6,5.5
64.678,18.3,12.3,1.5,4.5
55.89,13.0833333333,8.3333333333,1.0833333333,3.6666666667
61.3372727273,17.9090909091,10.4545454545,1.6363636364,5.8181818182
58.7490909091,14.9090909091,8.3636363636,1.6363636364,4.9090909091
56.91,18.7272727273,11.8181818182,2.3636363636,4.5454545455
59.6581818182,17.3636363636,11.1818181818,1.7272727273,4.4545454545
55.4645454545,19.4545454545,11.1818181818,1.1818181818,7.0909090909
55.7790909091,19.9090909091,11.6363636364,1.7272727273,6.5454545455
57.6890909091,18.4545454545,11.2727272727,1.0909090909,6.0909090909
58.8236363636,16.7272727273,8.6363636364,1.3636363636,6.7272727273
56.795,18.0833333333,10.3333333333,1.5833333333,6.1666666667
57.8027272727,17.1818181818,8.3636363636,1.6363636364,7.1818181818
66.0909090909,21.7272727273,12.5454545455,1.1818181818,8
59.4072727273,17.2727272727,10.4545454545,1.6363636364,5.1818181818
54.6290909091,13.5454545455,7.0909090909,1.0909090909,5.3636363636
63.8672727273,21.9090909091,13.4545454545,1.6363636364,6.8181818182
59.0258333333,18.4166666667,11.9166666667,1.75,4.75
66.3075,20,11.8333333333,1.3333333333,6.8333333333
57.6091666667,16.9166666667,9.5833333333,1.8333333333,5.5
54.6808333333,16.5833333333,9.8333333333,1.1666666667,5.5833333333
51.3525,15,6.5833333333,1.6666666667,6.75
60.3753846154,19.2307692308,11,1.6923076923,6.5384615385
63.29,18.3333333333,12.25,1.5833333333,4.5
60.6766666667,17.3333333333,11.4166666667,1.6666666667,4.25
62.2216666667,16.5833333333,9.75,0.5833333333,6.25
64.8108333333,18.9166666667,12.25,1.25,5.4166666667
65.6161538462,18.3846153846,10.3846153846,1.9230769231,6.0769230769
57.9966666667,16.4166666667,9.1666666667,1.3333333333,5.9166666667
61.0991666667,19.3333333333,9.5833333333,0.9166666667,8.8333333333
64.5858333333,19.6666666667,13.0833333333,1.75,4.8333333333
67.58,22.0833333333,15,1.1666666667,5.9166666667
61.8307692308,16.2307692308,9.6153846154,0.5384615385,6.0769230769
57.1553846154,16,9,1.2307692308,5.7692307692
60.9507692308,18.2307692308,11.3076923077,1.3846153846,5.5384615385
60.3876923077,18.2307692308,11.4615384615,2.3076923077,4.4615384615
59.8107692308,17.6153846154,9.8461538462,1.6153846154,6.1538461538
55.1569230769,16.6153846154,9.6923076923,1.0769230769,5.8461538462
59.04,14.7692307692,8.4615384615,1.4615384615,4.8461538462
50.6653846154,14.6153846154,6.3846153846,1.5384615385,6.6923076923
55.66,18.3846153846,11.4615384615,2.1538461538,4.7692307692
60.4046153846,17.4615384615,11.3076923077,1.6153846154,4.5384615385
56.8315384615,19.6153846154,11.8461538462,1.6923076923,6.0769230769
59.0023076923,16.5384615385,8.7692307692,1.3846153846,6.3846153846
55.5957142857,17.7857142857,10.5,1.4285714286,5.8571428571
56.2907692308,17.3846153846,8.4615384615,1.7692307692,7.1538461538
67.9107692308,22,15,1.3076923077,5.6923076923
59.4264285714,19.1428571429,11.7857142857,1.7142857143,5.6428571429
58.7964285714,17.9285714286,11.5,1.5714285714,4.8571428571
58.665,17.5714285714,10.3571428571,2,5.2142857143
59.9914285714,18,11.2142857143,2.2142857143,4.5714285714
59.2421428571,17.3571428571,9.6428571429,1.5714285714,6.1428571429
59.585,14.8571428571,8.5714285714,1.3571428571,4.9285714286
64.275,21.7142857143,13.2857142857,1.5714285714,6.8571428571
57.5571428571,20.2142857143,10.9285714286,1.5714285714,7.7142857143
63.0171428571,18.5,12.0714285714,1.3571428571,5.0714285714
56.5828571429,18,11.2857142857,0.9285714286,5.7857142857
66.08,19.6428571429,11.7857142857,1.2857142857,6.5714285714
61.6492857143,19.9285714286,9.5,0.9285714286,9.5
56.3907142857,17.1428571429,8.5714285714,1.7142857143,6.8571428571
63.6742857143,20.7142857143,11.3571428571,1.5,7.8571428571
55.3364285714,14.2857142857,7.6428571429,1,5.6428571429
58.21,17.8,11.3333333333,1.5333333333,4.9333333333
58.6246666667,17.8,10.4666666667,2,5.3333333333
59.9426666667,18.0666666667,11.2,2.0666666667,4.8
53.9693333333,17.9333333333,10.6666666667,1.2666666667,6
60.5506666667,15.0666666667,8.8666666667,1.3333333333,4.8666666667
51.588,15.6666666667,6.8666666667,1.5333333333,7.2666666667
61.7073333333,19.1333333333,11.0666666667,1.6,6.4666666667
62.5646666667,17.6,11.6666666667,1.4666666667,4.4666666667
61.0366666667,18.1333333333,11.3333333333,1.4666666667,5.3333333333
58.6726666667,20.4,11.2,1.6666666667,7.5333333333
64.4866666667,18.4,10.0666666667,1.8666666667,6.4666666667
58.4473333333,17.3333333333,9.4,1.2,6.7333333333
57.6346666667,16.0666666667,9.0666666667,1.3333333333,5.6666666667
63.318,20.4,11.4666666667,1.4666666667,7.4666666667
61.2606666667,18.5333333333,11.6,1.4,5.5333333333
58.67375,17.125,9.4375,1.125,6.5625
61.57625,18.625,11.8125,1.5625,5.25
57.860625,18.6875,11.25,1.6875,5.75
63.70875,20.5,11.5,1.4375,7.5625
66.8464705882,19.9411764706,12.3529411765,1.1176470588,6.4705882353
57.77,16.0588235294,9.0588235294,1.2941176471,5.7058823529
58.3788235294,18.7647058824,11,1.6470588235,6.1176470588
62.6076470588,17.8235294118,11.8235294118,1.4117647059,4.5882352941
63.9682352941,18.4705882353,10.5882352941,1.6470588235,6.2352941176
58.1716666667,16.2222222222,9.2777777778,1.2222222222,5.7222222222
69.1394444444,21.7777777778,14.2777777778,0.9444444444,6.5555555556
38.89,14,9,0,5
66.67,26,13,5,8
60.61,20,12,2,6
58.06,13,8,3,2
66.67,18,10,3,5
47.22,15,10,1,4
69.44,29,15,2,12
45.45,13,5,5,3
61.11,19,11,0,8
66.67,27,15,1,11
67.44,20,14,4,2
62.22,21,17,2,2
67.86,27,12,2,13
52.83,19,12,2,5
70.59,22,15,4,3
50,17,11,1,5
69.05,26,17.5,3.5,5
63.4,17.5,9.5,2.5,5.5
56.69,20.5,12,2.5,6
63.335,19.5,15,2,2.5
50.83,12.5,7.5,1,4
67.675,23.5,14,1.5,8
59.535,23.5,12.5,2,9
59.485,21,11.5,1,8.5
57.14,18.5,11.5,1,6
67.275,13.5,9,2,2.5
66.26,21.5,8,1.5,12
66.79,20,13,3.5,3.5
60.805,16,9,0.5,6.5
72.36,16.5,11.5,1,4
64.49,18.3333333333,9.6666666667,2,6.6666666667
58.5366666667,18,11.6666666667,1.3333333333,5
66.2233333333,21.6666666667,15.3333333333,3,3.3333333333
53.8866666667,14.3333333333,8.6666666667,1,4.6666666667
41.3333333333,10,3.3333333333,2.3333333333,4.3333333333
64.0733333333,21.6666666667,11.3333333333,0.6666666667,9.6666666667
58.2733333333,21,10.6666666667,2,8.3333333333
69.9266666667,23.6666666667,15.3333333333,1.3333333333,7
59.6633333333,18.3333333333,11,1.6666666667,5.6666666667
69.1233333333,19.3333333333,14.6666666667,1,3.6666666667
63.8966666667,13.3333333333,8.3333333333,2.3333333333,2.6666666667
67.3766666667,16.6666666667,11.3333333333,1.3333333333,4
63.1,18,11.6666666667,2,4.3333333333
67.2133333333,20.3333333333,10.6666666667,2.6666666667,7
50.165,16.5,8.5,2,6
51.7,13.6666666667,7.3333333333,2,4.3333333333
48.15,15.75,9,1.75,5
63.39,22,12,1.25,8.75
69.425,24,15.75,1,7.25
65.0375,18,13.75,1,3.25
69.4566666667,26,17,1,8
60.06,21.5,12.5,2,7
61.8,18.3333333333,11.6666666667,1.3333333333,5.3333333333
60.73,19,7.75,1,10.25
68.4725,18.25,13.25,1.5,3.5
66.365,16.75,11.25,1.25,4.25
60.5366666667,14.6666666667,8.3333333333,0.6666666667,5.6666666667
64.7225,21.5,14.25,1.25,6
58.0525,18.25,9.5,1.75,7
54.6075,14.75,7.75,2,5
68.422,24.8,17.8,2.4,4.6
58.792,17,8.8,2.2,6
62.604,19.8,13.4,2.8,3.6
46.805,14.25,8.75,1.25,4.25
65.112,21.2,14.6,1.4,5.2
63.435,18.5,10.75,0.5,7.25
64.652,22.4,12.2,1,9.2
63.924,22.8,12.2,1.6,9
58.352,19.2,11.4,2,5.8
67.225,25.5,16,1.5,8
60.8225,19.5,12,1.5,6
64.195,18.5,8.75,0.5,9.25
66.615,24.8333333333,16.8333333333,2.8333333333,5.1666666667
58.87,16.5,9,2,5.5
58.18,17.8,12.2,1.6,4
55.92,16.1666666667,9.6666666667,1.3333333333,5.1666666667
66.5733333333,23,13.3333333333,3,6.6666666667
46.668,12,5.4,2.2,4.4
61.518,17.4,9.4,0.8,7.2
60.908,22.6,12.2,1.4,9
62.185,19.8333333333,9.6666666667,0.8333333333,9.3333333333
62.35,17.8,10,2.2,5.6
62.39,19.6,9,1.2,9.4
61.1966666667,17.3333333333,10.3333333333,1.5,5.5
57.668,17.8,10.8,1,6
66.166,20.2,12,2,6.2
49.2766666667,17.6666666667,10.3333333333,1.6666666667,5.6666666667
63.7133333333,18.8333333333,10.1666666667,1.5,7.1666666667
59.15,17.6666666667,11.6666666667,1.6666666667,4.3333333333
61.5371428571,17.7142857143,11.4285714286,2.5714285714,3.7142857143
65.6342857143,22.8571428571,13.1428571429,2.7142857143,7
50.5616666667,16.1666666667,10,1.3333333333,4.8333333333
49.25,12.8333333333,6.5,2,4.3333333333
66.25,20.6666666667,13,1.8333333333,5.8333333333
68.8916666667,24.6666666667,15.8333333333,2.3333333333,6.5
62.085,20.1666666667,11.3333333333,1.3333333333,7.5
57.5133333333,17,9.6666666667,2.3333333333,5
61.1014285714,17,9.7142857143,1.7142857143,5.5714285714
65.4383333333,19.8333333333,13.3333333333,1.3333333333,5.1666666667
65.2233333333,17.6666666667,12.5,1,4.1666666667
54.1228571429,16.5714285714,9.1428571429,2.2857142857,5.1428571429
57.7585714286,18,10.4285714286,1.4285714286,6.1428571429
55.57625,16,8.875,1.375,5.75
58.1171428571,18.1428571429,10,0.8571428571,7.2857142857
63.5057142857,22.5714285714,12.5714285714,1.2857142857,8.7142857143
62.6871428571,21.1428571429,13.2857142857,1.2857142857,6.5714285714
67.79,16.5714285714,11,1.5714285714,4
56.1771428571,21.2857142857,11,1.4285714286,8.8571428571
64.0728571429,19.5714285714,11.2857142857,1.2857142857,7
62.1728571429,20.2857142857,10.5714285714,1.1428571429,8.5714285714
64.7228571429,19.8571428571,12.2857142857,1.4285714286,6.1428571429
64.5557142857,19.8571428571,13.1428571429,1.7142857143,5
53.89,18.7142857143,10,1.7142857143,7
60.6471428571,21,11.5714285714,1.2857142857,8.1428571429
62.035,19.375,10.125,1.625,7.625
60.72375,18.875,10.875,1.375,6.625
49.17625,15.125,9.5,1.25,4.375
51.6075,13.875,7.375,2.5,4
67.14125,20.875,13.5,1.625,5.75
62.81125,21.875,11.375,1.25,9.25
59.61375,21.5,11.375,1.375,8.75
65.42875,21.375,13.625,1.25,6.5
56.91875,20.125,11.625,2.375,6.125
65.19875,18.75,12.375,1.5,4.875
62.49625,19.75,9.625,1.25,8.875
58.75125,17.625,10.125,2.375,5.125
51.78375,18.375,9.5,1.625,7.25
67.66,23.625,15.5,2.125,6
53.8088888889,17.8888888889,10.3333333333,1.6666666667,5.8888888889
55.0588888889,16.8888888889,9,2,5.8888888889
63.1811111111,23.8888888889,15.2222222222,3.4444444444,5.2222222222
52.5688888889,15.6666666667,8.5555555556,1.7777777778,5.3333333333
62.2144444444,16.7777777778,11,2.2222222222,3.5555555556
55.6688888889,16.1111111111,9.2222222222,1.3333333333,5.5555555556
67.7822222222,23.3333333333,13.5555555556,2.6666666667,7.1111111111
65.5,20.5555555556,13,1.8888888889,5.6666666667
59.2077777778,17.8888888889,9.8888888889,0.8888888889,7.1111111111
65.4311111111,21.1111111111,13.7777777778,1.1111111111,6.2222222222
56.4422222222,19.7777777778,11.5555555556,2.3333333333,5.8888888889
68.13,17.3333333333,11.1111111111,1.6666666667,4.5555555556
63.7355555556,21.3333333333,12.5555555556,1.3333333333,7.4444444444
64.0088888889,21.5555555556,10.7777777778,1.2222222222,9.5555555556
51.9122222222,18.8888888889,10.2222222222,1.8888888889,6.7777777778
56.7988888889,16.6666666667,10.1111111111,1.7777777778,4.7777777778
59.628,19.8,9.8,1.9,8.1
63.53,23.6,15.1,3.2,5.3
61.075,18.5,11.1,1.1,6.3
62.104,17.3,11.4,2,3.9
48.886,14.7,9.2,1.3,4.2
64.531,20.3,12.7,2.2,5.4
69.171,20.5,13.5,1.4,5.6
59.287,17.7,10,0.8,6.9
61.805,21.1,11,1.5,8.6
60.276,22.1,11.4,1.6,9.1
64.085,19.7,12.4,2.1,5.2
69.917,23.1,15.2,2,5.9
61.797,19.9,10.2,1.4,8.3
65.649,20.8,13.6,1.3,5.9
62.774,18.9,11.7,1.5,5.7
58.404,21.9,11,1.8,9.1
64.6036363636,20.0909090909,13.1818181818,1.2727272727,5.6363636364
52.4309090909,18.4545454545,9.9090909091,2,6.5454545455
53.4981818182,17.3636363636,9.7272727273,1.7272727273,5.9090909091
61.48,20.2727272727,10.0909090909,1.9090909091,8.2727272727
53.76,15.8181818182,8.3636363636,2,5.4545454545
52.8190909091,15,8.2727272727,1.7272727273,5
57.1918181818,17,10.5454545455,1.7272727273,4.7272727273
67.0963636364,22.4545454545,12.7272727273,2.6363636364,7.0909090909
53.2318181818,14,7.5454545455,2.2727272727,4.1818181818
61.3518181818,20.7272727273,10.5454545455,1.4545454545,8.7272727273
65.2945454545,21.1818181818,12.8181818182,1.3636363636,7
61.3409090909,19.3636363636,11.3636363636,2.2727272727,5.7272727273
65.9890909091,21.1818181818,14,1.3636363636,5.8181818182
62.5254545455,17.5454545455,10.4545454545,1.5454545455,5.5454545455
61.6127272727,18.9090909091,11.8181818182,1.4545454545,5.6363636364
68.7672727273,18.5454545455,11.3636363636,1.6363636364,5.5454545455
59.6308333333,20.1666666667,10,1.8333333333,8.3333333333
63.0475,22.8333333333,14.3333333333,2.9166666667,5.5833333333
61.0316666667,18.9166666667,11.5833333333,1.0833333333,6.25
60.0025,17,10.75,1.8333333333,4.4166666667
66.2058333333,22.25,12.75,2.4166666667,7.0833333333
49.28,15,9.4166666667,1.3333333333,4.25
53.5575,13.6666666667,7.5,2.1666666667,4
67.22,20.3333333333,13.0833333333,1.25,6
58.7691666667,22.3333333333,11.9166666667,1.5,8.9166666667
55.705,18.9166666667,11.25,2.0833333333,5.5833333333
62.155,20,12.5,2.1666666667,5.3333333333
69.415,23.6666666667,15.5,1.9166666667,6.25
58.5933333333,20.8333333333,10.6666666667,1.5833333333,8.5833333333
62.2108333333,21.6666666667,11.75,1.25,8.6666666667
64.4583333333,20.5,13.5833333333,1.25,5.6666666667
58.3466666667,17.1666666667,10.75,1.75,4.6666666667
52.7807692308,17.0769230769,9.6153846154,1.8461538462,5.6153846154
53.0876923077,16,8.5384615385,1.8461538462,5.6153846154
53.5023076923,15.3076923077,8.5384615385,1.6153846154,5.1538461538
54.0623076923,15.8461538462,8.5384615385,1.3076923077,6
63.3715384615,20.3076923077,12.3846153846,1.9230769231,6
66.8107692308,20.4615384615,13.3846153846,1.1538461538,5.9230769231
59.3438461538,17.0769230769,9.6153846154,0.9230769231,6.5384615385
64.2515384615,22.3846153846,11.1538461538,1.5384615385,9.6923076923
58.3692307692,21.7692307692,11.4615384615,1.3846153846,8.9230769231
68.0369230769,18.4615384615,11.8461538462,1.4615384615,5.1538461538
68.9530769231,23.5384615385,15.3076923077,2,6.2307692308
61.9738461538,19.6153846154,9.8461538462,2,7.7692307692
60.2023076923,20.1538461538,12.0769230769,2.0769230769,6
63.5084615385,17.8461538462,11,1.6153846154,5.2307692308
52.9115384615,18.6153846154,10.5384615385,1.9230769231,6.1538461538
63.5538461538,19.8461538462,12.3846153846,1.2307692308,6.2307692308
60.5157142857,20.3571428571,10.1428571429,1.4285714286,8.7857142857
58.4707142857,20.3571428571,10.5714285714,1.6428571429,8.1428571429
61.99,21.6428571429,11.5,1.2857142857,8.8571428571
60.9035714286,22.5,13.7857142857,2.9285714286,5.7857142857
58.2871428571,17,10.3571428571,1.6428571429,5
60.0021428571,17.3571428571,10.7142857143,1.9285714286,4.7142857143
67.0985714286,22.2857142857,12.5714285714,2.2857142857,7.4285714286
49.1492857143,15,9.0714285714,1.5,4.4285714286
52.0407142857,13,7.2142857143,1.9285714286,3.8571428571
55.7557142857,19.0714285714,11.0714285714,2.1428571429,5.8571428571
60.8792857143,19.7142857143,12.0714285714,2,5.6428571429
67.9392857143,18.5,11.8571428571,1.5,5.1428571429
60.8121428571,19.2142857143,9.7142857143,1.9285714286,7.5714285714
64.4335714286,20.1428571429,13.7857142857,1.2857142857,5.0714285714
62.5678571429,19.7857142857,11.8571428571,1.2142857143,6.7142857143
64.0292857143,21.3571428571,12.7857142857,1.2142857143,7.3571428571
62.8013333333,22.1333333333,11.4,1.5333333333,9.2
58.4113333333,20.1333333333,10.4666666667,1.5333333333,8.1333333333
54.0433333333,17.0666666667,9.3333333333,1.8666666667,5.8666666667
58.0973333333,20,10.1333333333,2,7.8666666667
53.8186666667,16,8.8,1.6666666667,5.5333333333
53.1306666667,15,8.4,1.5333333333,5.0666666667
60.1553333333,19.7333333333,11.6,1.4,6.7333333333
53.6873333333,15.2666666667,8.2666666667,1.3333333333,5.6666666667
63.0026666667,19.9333333333,12.2666666667,1.8,5.8666666667
59.2886666667,17,9.8,0.8666666667,6.3333333333
61.2433333333,19.8666666667,10,1.4666666667,8.4
60.068,21.7333333333,11.8,1.2,8.7333333333
61.0733333333,20.8666666667,12.6,2.2,6.0666666667
62.1253333333,18.1333333333,10.9333333333,1.6,5.6
62.6393333333,19.8,11.8,1.2,6.8
61.7886666667,21.6,11.6,1.2666666667,8.7333333333
57.1225,19.8125,10.1875,1.875,7.75
66.500625,20.25,13.3125,1.125,5.8125
60.4375,17.4375,10.6875,1.9375,4.8125
62.690625,20.1875,12.1875,2.0625,5.9375
56.8211764706,19.8823529412,10,1.8235294118,8.0588235294
64.74,21.9411764706,13.1764705882,1.5882352941,7.1764705882
68.6352941176,19.1764705882,11.9411764706,1.4117647059,5.8235294118
62.1011764706,21.5294117647,11.6470588235,1.1764705882,8.7058823529
61.5223529412,18.1176470588,10.7647058824,1.6470588235,5.7058823529
60.8452941176,20.0588235294,11.7647058824,1.1176470588,7.1764705882
66.9611111111,22.8333333333,14.1111111111,1.6666666667,7.0555555556
60.71,23,12,4,7
53.33,17,9,1,7
41.18,8,4,1,3
54.05,15,12,2,1
68.97,18,9,3,6
48,19,5,0,14
56.67,16,10,0,6
53.13,16,9,1,6
53.13,14,9,1,4
48.57,16,8,4,4
72.41,21,13,3,5
52.17,17,6,1,10
54.29,23,11,2,10
65.79,20,17,2,1
73.91,17,8,0,9
46.88,16,9,0,7
45.025,15.5,6.5,2,7
67.39,21.5,12,3,6.5
57.46,13.5,7.5,2.5,3.5
57.275,19.5,11.5,1.5,6.5
75.095,18.5,11.5,1.5,5.5
68.53,19,9.5,1.5,8
63.46,23,11.5,1.5,10
64.185,16,11,0.5,4.5
47.515,17.5,10.5,1,6
63.47,14,11.5,0.5,2
65.99,18.5,13.5,1.5,3.5
66.54,19.5,14.5,2,3
65.37,22,15.5,1.5,5
53.985,12.5,7,2.5,3
59.9133333333,20,12.3333333333,2.6666666667,5
53.92,15.6666666667,8.3333333333,2,5.3333333333
60.5666666667,17.6666666667,11.6666666667,2.6666666667,3.3333333333
54.69,20,12,2,6
53.6933333333,17.3333333333,11,2,4.3333333333
64.3666666667,18.3333333333,11,1.3333333333,6
69.11,17.3333333333,10,1.3333333333,6
64.7333333333,21.6666666667,10.3333333333,2.3333333333,9
58.1466666667,17.3333333333,10,2.3333333333,5
46.51,18,10,2.5,5.5
55.1833333333,19,10.6666666667,1.3333333333,7
56.5166666667,19.3333333333,11.6666666667,1.3333333333,6.3333333333
66.3566666667,20.6666666667,15.3333333333,1.6666666667,3.6666666667
61.4166666667,19,11.3333333333,1,6.6666666667
60.41,16.75,10,2.25,4.5
63.9725,17.5,12,2.25,3.25
61.15,16.25,10.75,2,3.5
60.8425,20.75,9.75,2.25,8.75
51.6325,17,9.75,2,5.25
61.3166666667,20,9.6666666667,2.6666666667,7.6666666667
62.4975,19.75,10.75,1.25,7.75
62.98,15.75,10.5,0.5,4.75
54.2525,14.75,9.25,1.5,4
58.575,19.75,10.25,1.25,8.25
52.0666666667,17.6666666667,8.3333333333,1.3333333333,8
73.205,17.75,13.25,1.5,3
58.6425,20,11.5,1.25,7.25
67.72,18.75,12,1,5.75
51.22,17.25,6.5,1.75,9
58.064,16.6,11.2,1.6,3.8
55.16,17.75,7.75,2,8
53.26,14.75,7.5,0.75,6.5
56.4175,18.25,10.75,2,5.5
61.326,18.6,9.4,1.6,7.6
59.45,18.75,9.25,2.5,7
57.165,21.25,12.75,2.25,6.25
53.116,15.4,9.4,1.4,4.6
52.105,18.25,9.75,2.5,6
61.274,19,12.4,1.8,4.8
56.242,19.2,11.2,1,7
66.02,21.75,13.25,2.25,6.25
58.184,15.8,9.2,1.6,5
50.976,16.4,6,1.6,8.8
52.132,15,7.6,0.8,6.6
55.884,18.2,9.6,1,7.6
59.655,20,10.3333333333,2.1666666667,7.5
67.17,21.3333333333,11.5,1.5,8.3333333333
55.5283333333,18,10.1666666667,2,5.8333333333
58.635,16.3333333333,9.6666666667,1,5.6666666667
64.176,14.4,10.2,1.2,3
50.146,17.4,8.4,2.6,6.4
58.568,20,11,1.6,7.4
67.482,22.4,13.6,2.4,6.4
68.4333333333,19.3333333333,14.3333333333,1.5,3.5
59.0016666667,19.8333333333,11.8333333333,1.5,6.5
61.105,19.1666666667,10.5,1.5,7.1666666667
60.2771428571,17.5714285714,12,1.2857142857,4.2857142857
57.3183333333,17.8333333333,8,2,7.8333333333
62.9557142857,18.1428571429,10.1428571429,2.4285714286,5.5714285714
58.2983333333,19.3333333333,9.6666666667,1.5,8.1666666667
59.2414285714,21,10.7142857143,2.5714285714,7.7142857143
48.7316666667,15.3333333333,8.6666666667,1.6666666667,5
58.4016666667,19,10.8333333333,1.8333333333,6.3333333333
58.1816666667,22.6666666667,13.5,2.1666666667,7
62.1,15,10,1.1666666667,3.8333333333
58.0833333333,19.8333333333,9.6666666667,1.8333333333,8.3333333333
56.0271428571,19.5714285714,10.4285714286,1.4285714286,7.7142857143
65.7983333333,23.3333333333,15.3333333333,1.8333333333,6.1666666667
66.0857142857,18.7142857143,13.7142857143,1.2857142857,3.7142857143
57.7983333333,18.5,10,2,6.5
55.4785714286,18.1428571429,8,2,8.1428571429
62.0342857143,17.7142857143,11.7142857143,2,4
67.8428571429,21.4285714286,12.1428571429,1.5714285714,7.7142857143
69.1714285714,20.2857142857,13.4285714286,1.4285714286,5.4285714286
63.2171428571,17.8571428571,10.8571428571,1.4285714286,5.5714285714
60.97,18,10.875,1,6.125
58.2942857143,23.1428571429,14.1428571429,2.1428571429,6.8571428571
54.9342857143,16.2857142857,9.4285714286,1.4285714286,5.4285714286
51.9671428571,17,7.7142857143,2.1428571429,7.1428571429
59.1071428571,17.5714285714,11.4285714286,1.7142857143,4.4285714286
57.6485714286,19,9.8571428571,2,7.1428571429
64.8928571429,23.7142857143,15.2857142857,2.1428571429,6.2857142857
55.1642857143,18.1428571429,10.5714285714,1.4285714286,6.1428571429
58.04625,17.875,10.125,1.875,5.875
59.13,16.25,8.625,2.125,5.5
52.74375,14.5,7.75,1.5,5.25
51.185,16,6.875,1.875,7.25
60.96625,17.25,11.625,1.125,4.5
56.3825,15.875,8.125,0.875,6.875
62.725,17.5,9.875,2.125,5.5
61.96875,18.25,10.125,1.625,6.5
68.295,20.625,13.375,1.625,5.625
59.72875,17.125,9.875,1.5,5.75
62.6525,19,10.5,1.25,7.25
61.575,17.5,11.75,1.25,4.5
58.37875,20.25,10.875,1.625,7.75
63.38625,20.125,12.875,1.75,5.5
53.42625,17.875,8.375,2.25,7.25
58.5033333333,16.5555555556,9.1111111111,2.1111111111,5.3333333333
51.2311111111,15.1111111111,7.6666666667,1.6666666667,5.7777777778
51.2222222222,16,7.2222222222,1.7777777778,7
56.3066666667,18.1111111111,9.3333333333,1.3333333333,7.4444444444
52.5922222222,14.6666666667,8.6666666667,1.7777777778,4.2222222222
66.9811111111,21.2222222222,11.1111111111,1.5555555556,8.5555555556
59.9722222222,17.6666666667,9.5555555556,1.6666666667,6.4444444444
61.9144444444,18.3333333333,10.7777777778,1.4444444444,6.1111111111
60.2711111111,20.3333333333,11.3333333333,1.6666666667,7.3333333333
63.7722222222,19.8888888889,11.2222222222,1.3333333333,7.3333333333
58.8244444444,22.5555555556,14,2,6.5555555556
62.1411111111,17.3333333333,11.4444444444,1.2222222222,4.6666666667
59.2933333333,18.8888888889,9.5555555556,2,7.3333333333
62.9055555556,21.2222222222,14,1.8888888889,5.3333333333
55.0277777778,17.6666666667,10.3333333333,1.2222222222,6.1111111111
58.1944444444,17,11,1.6666666667,4.3333333333
57.404,18.3,8.7,1.5,8.1
55.82,15.1,8,0.9,6.2
61.811,18.9,11.4,1.9,5.6
52.75,15.2,9.1,1.8,4.3
68.358,21.5,14,1.6,5.9
60.562,18.1,10.5,1.3,6.3
56.563,17.4,10.6,1.7,5.1
58.635,17.7,10.2,1,6.5
57.962,17.5,9.8,1.3,6.4
58.153,17.4,11.5,1.5,4.4
60.496,20.5,11,1.5,8
58.906,19.3,10.7,1.4,7.2
62.919,21.3,14.1,2,5.2
66.346,18.4,12.8,1,4.6
54.096,17.2,10.2,1.3,5.7
58.624,22.3,13.9,1.9,6.5
65.0845454545,20.3636363636,9.9090909091,1.3636363636,9.0909090909
57.5054545455,16.7272727273,9.0909090909,1.5454545455,6.0909090909
56.43,15.8181818182,8.6363636364,1.8181818182,5.3636363636
50.0081818182,14.8181818182,7.8181818182,1.5454545455,5.4545454545
58.9990909091,16.9090909091,10.1818181818,1.4545454545,5.2727272727
61.9336363636,20.1818181818,12,2,6.1818181818
64.7136363636,18.3636363636,10.6363636364,2.0909090909,5.6363636364
57.3181818182,20.0909090909,10.0909090909,2.4545454545,7.5454545455
61.71,20.4545454545,12,1.5454545455,6.9090909091
63.2472727273,20.0909090909,11.7272727273,1.5454545455,6.8181818182
57.03,18.4545454545,11.4545454545,1.7272727273,5.2727272727
58.8990909091,18.5454545455,10.6363636364,1.1818181818,6.7272727273
56.3454545455,18.1818181818,9.0909090909,2,7.0909090909
57.7936363636,18.7272727273,10.3636363636,1.4545454545,6.9090909091
62.9418181818,19.0909090909,12,1.9090909091,5.1818181818
66.6081818182,18.5454545455,12.8181818182,0.9090909091,4.8181818182
56.9358333333,15.25,8.5,1.6666666667,5.0833333333
56.0091666667,18.0833333333,8.8333333333,1.5833333333,7.6666666667
55.2591666667,16.25,8.5833333333,1,6.6666666667
61.46,20,11.8333333333,1.8333333333,6.3333333333
57.48,18.3333333333,9.6666666667,1.75,6.9166666667
58.115,16.5833333333,8.8333333333,1.75,6
67.1583333333,21.8333333333,13.9166666667,1.6666666667,6.25
61.29,20.6666666667,11.8333333333,1.4166666667,7.4166666667
59.38,17.1666666667,9.25,1.5833333333,6.3333333333
65.0166666667,17,11.1666666667,1.0833333333,4.75
57.02,17.25,9.6666666667,1.1666666667,6.4166666667
55.1791666667,17.4166666667,9.0833333333,1.6666666667,6.6666666667
60.995,21.25,12.25,1.4166666667,7.5833333333
62.3016666667,18.8333333333,11.75,1.8333333333,5.25
53.3666666667,17.75,10.25,1.3333333333,6.1666666667
64.085,21.6666666667,13.9166666667,1.8333333333,5.9166666667
49.8792307692,15.6153846154,8.2307692308,1.7692307692,5.6153846154
51.4738461538,16.3846153846,7.4615384615,1.6153846154,7.3076923077
59.2884615385,17.5384615385,9.8461538462,1.4615384615,6.2307692308
55.7007692308,17.6923076923,8.7692307692,1.5384615385,7.3846153846
64.6953846154,17.7692307692,10.3076923077,1.9230769231,5.5384615385
57.8661538462,17.9230769231,9.2307692308,1.6153846154,7.0769230769
53.8207692308,15.3076923077,9.2307692308,1.7692307692,4.3076923077
64.9815384615,19.9230769231,10,1.4615384615,8.4615384615
57.3238461538,15.8461538462,8.4615384615,1.6923076923,5.6923076923
59.8484615385,18.8461538462,10.2307692308,1.6153846154,7
63.7007692308,20.6153846154,12.0769230769,1.3846153846,7.1538461538
56.5961538462,20,12.5384615385,1.5384615385,5.9230769231
57.9076923077,17.6153846154,11.6153846154,1.3846153846,4.6153846154
60.1492307692,20.6153846154,11.9230769231,1.3846153846,7.3076923077
57.84,18.9230769231,10.5384615385,1.3076923077,7.0769230769
57.0746153846,18.2307692308,9.2307692308,2.3076923077,6.6923076923
48.8878571429,15.3571428571,7.9285714286,1.7142857143,5.7142857143
63.2821428571,21.7142857143,12.7142857143,1.3571428571,7.6428571429
58.4242857143,18.2142857143,11.2142857143,1.5714285714,5.4285714286
56.195,16,8.6428571429,1.7857142857,5.5714285714
50.9714285714,16.2142857143,7.5,1.5,7.2142857143
63.1221428571,19.8571428571,11.6428571429,1.7857142857,6.4285714286
58.2557142857,21.0714285714,10.2857142857,2.4285714286,8.3571428571
53.945,15.7857142857,9.5,1.7857142857,4.5
57.6428571429,16.7857142857,9.1428571429,1.4285714286,6.2142857143
59.5014285714,19.2142857143,10.7857142857,1.4285714286,7
56.6742857143,19.7142857143,12.1428571429,1.5714285714,6
56.32,17.7857142857,9.5,1.7857142857,6.5
59.3364285714,19.7857142857,10.9285714286,1.4285714286,7.4285714286
65.285,19.2142857143,13.3571428571,1,4.8571428571
52.4821428571,17.2142857143,9.7142857143,1.4285714286,6.0714285714
65.3185714286,19.7142857143,10.1428571429,1.5,8.0714285714
58.7326666667,16.8,9.4666666667,1.4,5.9333333333
57.4713333333,18.5333333333,9.2666666667,2.5333333333,6.7333333333
60.6046666667,20.8666666667,11.6666666667,1.6666666667,7.5333333333
57.9646666667,17.9333333333,9.0666666667,1.5333333333,7.3333333333
53.888,16.5333333333,8.8666666667,1.0666666667,6.6
62.044,17.1333333333,9.8,2,5.3333333333
57.2873333333,17.6666666667,8.9333333333,1.4,7.3333333333
59.862,21.4,10.3333333333,2.4,8.6666666667
67.11,21.4,13.2666666667,2,6.1333333333
58.898,18.9333333333,10.2,1.6,7.1333333333
64.358,21.1333333333,12.2,1.2666666667,7.6666666667
63.182,17,11.1333333333,1,4.8666666667
54.9073333333,16.6,9.2666666667,1.2666666667,6.0666666667
57.2046666667,17.7333333333,11.1333333333,1.4666666667,5.1333333333
63.7193333333,21.4666666667,13.5333333333,1.7333333333,6.2
62.532,19.4,12,1.9333333333,5.4666666667
57.2975,17.875,9.3125,1.375,7.1875
64.2425,19.375,13.1875,0.9375,5.25
59.13,20.875,10.125,2.4375,8.3125
60.870625,21.125,11.875,1.6875,7.5625
57.9335294118,17.6470588235,9.1176470588,1.4705882353,7.0588235294
64.0441176471,19.1764705882,12.7647058824,0.8823529412,5.5294117647
65.6058823529,19.8235294118,10.5882352941,1.2941176471,7.9411764706
68.1729411765,21.8235294118,13.4705882353,1.8823529412,6.4705882353
58.0072222222,18,9.2777777778,1.5,7.2222222222
68.4594444444,22.1111111111,13.6666666667,1.7777777778,6.6666666667
58.3378947368,17.7894736842,9.0526315789,1.4736842105,7.2631578947
65.38,16,10,1,5
57.5,17,14,2,1
45.71,18,8,2,8
62.5,10,6,0,4
62.07,24,11,1,12
76,20,14,2,4
55.17,28,11,4,13
59.09,14,11,1,2
68.42,22,18,1,3
74.07,24,10,1,13
59.09,17,7,1,9
65.52,21,11,1,9
58.7,21,17,1,3
67.65,27,15,2,10
54.17,13,5,2,6
75,23,13,2,8
53.45,14,8,3,3
56.725,15.5,7.5,1.5,6.5
50.635,18,7,2,9
45.535,11,5.5,1,4.5
62.66,22.5,11,0,11.5
71.825,22,13,3,6
50,11,6,2,3
61.09,14.5,10.5,1.5,2.5
70.04,20,14.5,0.5,5
53.785,16.5,8.5,1,7
56.845,19,10,2.5,6.5
57.475,21.5,12.5,2,7
64.48,13.5,9,1.5,3
61.285,23.5,15.5,1,7
60.9233333333,17,7.3333333333,2.3333333333,7.3333333333
56.67,19,12,1.6666666667,5.3333333333
63.4933333333,20.6666666667,12.3333333333,2.3333333333,6
65.9666666667,27,14,5,8
63.055,23,15,1.5,6.5
60.24,18.6666666667,12,2,4.6666666667
62.7966666667,19.6666666667,11.3333333333,1.6666666667,6.6666666667
74.965,23,10.5,1,11.5
60.8266666667,17.6666666667,11.6666666667,0.6666666667,5.3333333333
69.71,19.6666666667,13.6666666667,1.3333333333,4.6666666667
70.1266666667,22,14,1.6666666667,6.3333333333
62.85,17.6666666667,9.3333333333,1.6666666667,6.6666666667
55.03,18,11,2,5
56.6666666667,19,9.3333333333,1.3333333333,8.3333333333
63.3625,15,7.75,2.25,5
58.345,14.5,6.25,1.25,7
60.46,16,9,1.6666666667,5.3333333333
57.7333333333,19.6666666667,13.6666666667,1.3333333333,4.6666666667
56.37,13.5,7,1.75,4.75
59.9,15.3333333333,9.6666666667,1.3333333333,4.3333333333
60.1825,15,8.5,2,4.5
53.91,12.75,9.75,1,2
71.67,24,16.6666666667,2.6666666667,4.6666666667
66.3275,20,11,1.5,7.5
59.435,17.75,11.25,0.5,6
69.595,22.5,13.25,1.75,7.5
63.1425,14.5,9.25,1.5,3.75
63.9475,18.5,10.5,1.75,6.25
59.55,17.75,11.5,1.25,5
56.015,19.75,12.25,1.75,5.75
58.486,20.8,11.2,3,6.6
61.7,21.2,14,1,6.2
63.654,20.2,12.4,2.2,5.6
59.435,20.5,9.75,1.5,9.25
52.896,13.8,10.2,1.6,2
71.7525,24.75,17.75,2.5,4.5
61.262,18.4,9.4,1.4,7.6
61.814,17.6,9,1.2,7.4
59.39,18.5,11,0.75,6.75
61.392,21.2,15,1.8,4.4
52.61,15.2,9.2,1.4,4.6
66.07,14.8,9.6,1.2,4
59.9983333333,17.1666666667,7.6666666667,2.8333333333,6.6666666667
58.024,16.6,9.8,1.6,5.2
53.79,16.6,7.8,1.6,7.2
59.292,19.4,11.8,1.2,6.4
59.708,13.2,8,1.4,3.8
62.345,17.8333333333,11.1666666667,2,4.6666666667
57.74,18.5,11.3333333333,1.6666666667,5.5
69.748,21.6,11.2,1.4,9
65.228,18.6,12,1.4,5.2
63.8766666667,17.6666666667,9.3333333333,1.1666666667,7.1666666667
58.312,19.4,12.4,1,6
65.92,20.8333333333,13,1.3333333333,6.5
60.2316666667,19.3333333333,10.8333333333,1.6666666667,6.8333333333
57.905,21.5,10.8333333333,2.8333333333,7.8333333333
61.74,15.8333333333,8.8333333333,2,5
56.57,16,7.2857142857,2.5714285714,6.1428571429
56.0016666667,14.1666666667,5.5,1.3333333333,7.3333333333
57.0933333333,18.6666666667,11.1666666667,1.5,6
56.1266666667,17.1666666667,10.5,1.5,5.1666666667
63.3933333333,14.6666666667,8.6666666667,1.5,4.5
65.0242857143,22.4285714286,14.1428571429,1.1428571429,7.1428571429
65.985,25.3333333333,14.1666666667,3.8333333333,7.3333333333
64.3914285714,18.1428571429,11.7142857143,1.7142857143,4.7142857143
58.6533333333,20.3333333333,12.3333333333,2.1666666667,5.8333333333
64.585,20.1666666667,10.3333333333,2.5,7.3333333333
